date,state,district,pincode,demo_age_5_17,demo_age_17_
18-11-2025,Karnataka,Hasan,573118,0,2
18-11-2025,Karnataka,Hasan,573124,1,3
18-11-2025,Karnataka,Hasan,573150,0,2
18-11-2025,Karnataka,Hassan,573113,0,1
18-11-2025,Karnataka,Hassan,573120,1,4
18-11-2025,Karnataka,Hassan,573121,1,2
18-11-2025,Karnataka,Hassan,573124,0,3
18-11-2025,Karnataka,Hassan,573129,0,3
18-11-2025,Karnataka,Hassan,573150,0,0
18-11-2025,Karnataka,Hassan,573165,0,1
18-11-2025,Karnataka,Hassan,573211,2,11
18-11-2025,Karnataka,Hassan,573218,1,1
18-11-2025,Karnataka,Hassan,573219,0,3
18-11-2025,Karnataka,Hassan,573220,0,6
18-11-2025,Karnataka,Haveri,581102,1,5
18-11-2025,Karnataka,Haveri,581106,0,9
18-11-2025,Karnataka,Haveri,581128,0,1
18-11-2025,Karnataka,Haveri,581205,3,7
18-11-2025,Karnataka,Haveri *,581104,1,0
18-11-2025,Karnataka,Kalaburagi,585103,3,8
18-11-2025,Karnataka,Kalaburagi,585236,2,2
18-11-2025,Karnataka,Kalaburagi,585316,0,4
18-11-2025,Karnataka,Kalaburagi,585324,0,2
18-11-2025,Karnataka,Kodagu,571201,0,10
18-11-2025,Karnataka,Kodagu,571215,0,1
18-11-2025,Karnataka,Kodagu,571219,0,3
18-11-2025,Karnataka,Kodagu,571248,0,5
18-11-2025,Karnataka,Kodagu,571254,1,0
18-11-2025,Karnataka,Kolar,563101,4,40
18-11-2025,Karnataka,Kolar,563113,0,4
18-11-2025,Karnataka,Kolar,563127,0,2
18-11-2025,Karnataka,Kolar,563132,3,9
18-11-2025,Karnataka,Kolar,563137,2,7
18-11-2025,Karnataka,Kolar,563162,2,5
18-11-2025,Karnataka,Koppal,583278,0,5
18-11-2025,Karnataka,Koppal,583283,0,12
18-11-2025,Karnataka,Mandya,571401,0,14
18-11-2025,Karnataka,Mandya,571403,2,9
18-11-2025,Karnataka,Mandya,571427,1,1
18-11-2025,Karnataka,Mandya,571429,0,5
18-11-2025,Karnataka,Mandya,571430,0,10
18-11-2025,Karnataka,Mandya,571455,0,2
18-11-2025,Karnataka,Mysore,570001,1,2
18-11-2025,Karnataka,Mysore,570010,0,2
18-11-2025,Karnataka,Mysore,570014,0,1
18-11-2025,Karnataka,Mysore,570019,0,9
18-11-2025,Karnataka,Mysore,571114,0,4
18-11-2025,Karnataka,Mysore,571130,0,1
18-11-2025,Karnataka,Mysore,571189,0,3
18-11-2025,Karnataka,Mysore,571301,0,2
18-11-2025,Karnataka,Mysore,571302,0,1
18-11-2025,Karnataka,Mysore,571311,0,2
18-11-2025,Karnataka,Mysore,571315,0,2
18-11-2025,Karnataka,Mysore,571604,1,2
18-11-2025,Karnataka,Mysuru,570015,1,6
18-11-2025,Karnataka,Mysuru,570017,0,2
18-11-2025,Karnataka,Mysuru,570018,1,1
18-11-2025,Karnataka,Mysuru,570022,0,5
18-11-2025,Karnataka,Mysuru,570024,0,0
18-11-2025,Karnataka,Mysuru,571119,0,1
18-11-2025,Karnataka,Mysuru,571124,0,3
18-11-2025,Karnataka,Mysuru,571125,0,1
18-11-2025,Karnataka,Mysuru,571602,1,4
18-11-2025,Karnataka,Raichur,584102,1,5
18-11-2025,Karnataka,Raichur,584103,1,5
18-11-2025,Karnataka,Raichur,584116,1,11
18-11-2025,Karnataka,Raichur,584124,2,3
18-11-2025,Karnataka,Raichur,584143,0,8
18-11-2025,Karnataka,Ramanagar,562128,0,2
18-11-2025,Karnataka,Shimoga,577201,1,11
18-11-2025,Karnataka,Shimoga,577202,0,4
18-11-2025,Karnataka,Shimoga,577214,0,1
18-11-2025,Karnataka,Shimoga,577225,0,1
18-11-2025,Karnataka,Shimoga,577243,0,3
18-11-2025,Karnataka,Shimoga,577301,0,12
18-11-2025,Karnataka,Shimoga,577415,0,3
18-11-2025,Karnataka,Shimoga,577433,0,3
18-11-2025,Karnataka,Shimoga,577434,0,1
18-11-2025,Karnataka,Shimoga,577453,0,1
18-11-2025,Karnataka,Shivamogga,577115,0,1
18-11-2025,Karnataka,Shivamogga,577205,1,5
18-11-2025,Karnataka,Shivamogga,577214,0,3
18-11-2025,Karnataka,Shivamogga,577216,1,2
18-11-2025,Karnataka,Shivamogga,577245,0,1
18-11-2025,Karnataka,Shivamogga,577416,0,1
18-11-2025,Karnataka,Shivamogga,577417,0,1
18-11-2025,Karnataka,Shivamogga,577427,0,10
18-11-2025,Karnataka,Tumakuru,572105,0,5
18-11-2025,Karnataka,Tumakuru,572107,0,1
18-11-2025,Karnataka,Tumakuru,572132,0,3
18-11-2025,Karnataka,Tumakuru,572133,0,2
18-11-2025,Karnataka,Tumakuru,572213,0,6
18-11-2025,Karnataka,Tumakuru,572224,1,1
18-11-2025,Karnataka,Tumkur,572101,2,2
18-11-2025,Karnataka,Tumkur,572112,1,3
18-11-2025,Karnataka,Tumkur,572114,0,3
18-11-2025,Karnataka,Tumkur,572117,0,5
18-11-2025,Karnataka,Tumkur,572118,0,2
18-11-2025,Karnataka,Tumkur,572119,0,3
18-11-2025,Karnataka,Tumkur,572126,0,2
18-11-2025,Karnataka,Tumkur,572138,0,2
18-11-2025,Karnataka,Tumkur,572141,0,5
18-11-2025,Karnataka,Tumkur,572214,0,3
18-11-2025,Karnataka,Tumkur,572215,0,1
18-11-2025,Karnataka,Udupi,574103,1,2
18-11-2025,Karnataka,Udupi,574106,0,4
18-11-2025,Karnataka,Udupi,574107,0,2
18-11-2025,Karnataka,Udupi,574114,0,2
18-11-2025,Karnataka,Udupi,574116,1,3
18-11-2025,Karnataka,Udupi,576104,0,2
18-11-2025,Karnataka,Udupi,576106,0,1
18-11-2025,Karnataka,Udupi,576108,0,1
18-11-2025,Karnataka,Udupi,576113,0,6
18-11-2025,Karnataka,Udupi,576121,0,2
18-11-2025,Karnataka,Udupi,576213,0,9
18-11-2025,Karnataka,Udupi,576218,1,0
18-11-2025,Karnataka,Udupi,576234,0,1
18-11-2025,Karnataka,Udupi,576257,0,3
18-11-2025,Karnataka,Udupi,576283,0,1
18-11-2025,Karnataka,Uttara Kannada,581320,3,9
18-11-2025,Karnataka,Uttara Kannada,581322,0,2
18-11-2025,Karnataka,Uttara Kannada,581325,1,9
18-11-2025,Karnataka,Uttara Kannada,581336,0,1
18-11-2025,Karnataka,Uttara Kannada,581337,0,2
18-11-2025,Karnataka,Uttara Kannada,581339,0,3
18-11-2025,Karnataka,Uttara Kannada,581349,0,8
18-11-2025,Karnataka,Uttara Kannada,581357,0,1
18-11-2025,Karnataka,Uttara Kannada,581384,0,2
18-11-2025,Karnataka,Uttara Kannada,581412,0,1
18-11-2025,Karnataka,Vijayanagara,583125,2,4
18-11-2025,Karnataka,Vijayanagara,583216,1,1
18-11-2025,Karnataka,Vijayanagara,583221,1,0
18-11-2025,Karnataka,Vijayapura,586101,1,21
18-11-2025,Karnataka,Vijayapura,586108,1,7
18-11-2025,Karnataka,Vijayapura,586112,2,2
18-11-2025,Karnataka,Vijayapura,586125,1,3
18-11-2025,Karnataka,Vijayapura,586126,1,0
18-11-2025,Karnataka,Vijayapura,586127,1,0
18-11-2025,Karnataka,Vijayapura,586128,1,9
18-11-2025,Karnataka,Vijayapura,586130,1,2
18-11-2025,Karnataka,Vijayapura,586208,0,3
18-11-2025,Karnataka,Yadgir,585215,5,7
18-11-2025,Karnataka,Yadgir,585216,1,15
18-11-2025,Karnataka,Yadgir,585287,1,3
18-11-2025,Karnataka,Yadgir,585304,0,4
18-11-2025,Karnataka,Yadgir,585309,4,5
18-11-2025,Karnataka,yadgir,585202,0,4
18-11-2025,Karnataka,yadgir,585304,0,1
18-11-2025,Karnataka,yadgir,585355,0,1
18-11-2025,Kerala,Alappuzha,688001,0,5
18-11-2025,Kerala,Alappuzha,688006,0,9
18-11-2025,Kerala,Alappuzha,688008,0,2
18-11-2025,Kerala,Alappuzha,688012,0,2
18-11-2025,Kerala,Alappuzha,688013,0,2
18-11-2025,Kerala,Alappuzha,688503,0,3
18-11-2025,Kerala,Alappuzha,688532,0,3
18-11-2025,Kerala,Alappuzha,688541,0,4
18-11-2025,Kerala,Alappuzha,689505,0,1
18-11-2025,Kerala,Alappuzha,689509,0,4
18-11-2025,Kerala,Alappuzha,689573,0,2
18-11-2025,Kerala,Alappuzha,690101,0,1
18-11-2025,Kerala,Alappuzha,690509,0,3
18-11-2025,Kerala,Alappuzha,690515,0,6
18-11-2025,Kerala,Alappuzha,690531,0,1
18-11-2025,Kerala,Alappuzha,690533,0,1
18-11-2025,Kerala,Alappuzha,690534,1,0
18-11-2025,Kerala,Alappuzha,690535,0,4
18-11-2025,Kerala,Alappuzha,690558,0,3
18-11-2025,Kerala,Ernakulam,682001,0,7
18-11-2025,Kerala,Ernakulam,682015,0,1
18-11-2025,Kerala,Ernakulam,682016,0,1
18-11-2025,Kerala,Ernakulam,682022,0,5
18-11-2025,Kerala,Ernakulam,682023,0,6
18-11-2025,Kerala,Ernakulam,682027,1,7
18-11-2025,Kerala,Ernakulam,682303,0,3
18-11-2025,Kerala,Ernakulam,682316,0,2
18-11-2025,Kerala,Ernakulam,682509,0,3
18-11-2025,Kerala,Ernakulam,683106,0,5
18-11-2025,Kerala,Ernakulam,683512,0,6
18-11-2025,Kerala,Ernakulam,683516,0,4
18-11-2025,Kerala,Ernakulam,683517,0,6
18-11-2025,Kerala,Ernakulam,683541,0,4
18-11-2025,Kerala,Ernakulam,683542,0,6
18-11-2025,Kerala,Ernakulam,683544,0,8
18-11-2025,Kerala,Ernakulam,683545,1,6
18-11-2025,Kerala,Ernakulam,683546,0,2
18-11-2025,Kerala,Ernakulam,683563,0,4
18-11-2025,Kerala,Ernakulam,683565,0,2
18-11-2025,Kerala,Ernakulam,683575,0,2
18-11-2025,Kerala,Ernakulam,683578,0,1
18-11-2025,Kerala,Ernakulam,683587,0,1
18-11-2025,Kerala,Ernakulam,686663,0,2
18-11-2025,Kerala,Ernakulam,686667,0,3
18-11-2025,Kerala,Ernakulam,686673,4,19
18-11-2025,Kerala,Ernakulam,686691,1,26
18-11-2025,Kerala,Ernakulam,686693,0,7
18-11-2025,Kerala,Idukki,685501,0,2
18-11-2025,Kerala,Idukki,685508,0,2
18-11-2025,Kerala,Idukki,685532,0,2
18-11-2025,Kerala,Idukki,685533,0,8
18-11-2025,Kerala,Idukki,685565,1,1
18-11-2025,Kerala,Idukki,685571,0,3
18-11-2025,Kerala,Idukki,685604,0,2
18-11-2025,Kerala,Idukki,685605,0,2
18-11-2025,Kerala,Idukki,685606,0,3
18-11-2025,Kerala,Idukki,685612,0,5
18-11-2025,Kerala,Idukki,685615,0,1
18-11-2025,Kerala,Idukki,685619,0,1
18-11-2025,Kerala,Kannur,670008,0,2
18-11-2025,Kerala,Kannur,670105,0,6
18-11-2025,Kerala,Kannur,670107,0,2
18-11-2025,Kerala,Kannur,670304,1,4
18-11-2025,Kerala,Kannur,670503,0,1
18-11-2025,Kerala,Kannur,670521,0,5
18-11-2025,Kerala,Kannur,670591,1,8
18-11-2025,Kerala,Kannur,670592,2,10
18-11-2025,Kerala,Kannur,670593,1,6
18-11-2025,Kerala,Kannur,670601,2,5
18-11-2025,Kerala,Kannur,670611,0,4
18-11-2025,Kerala,Kannur,670643,0,9
18-11-2025,Kerala,Kannur,670691,0,6
18-11-2025,Kerala,Kannur,670692,0,12
18-11-2025,Kerala,Kannur,670704,0,5
18-11-2025,Kerala,Kannur,673313,0,2
18-11-2025,Kerala,Kasaragod,671314,0,24
18-11-2025,Kerala,Kasaragod,671326,0,1
18-11-2025,Kerala,Kasaragod,671531,2,11
18-11-2025,Kerala,Kasaragod,671542,1,4
18-11-2025,Kerala,Kasargod,671310,0,1
18-11-2025,Kerala,Kasargod,671314,0,1
18-11-2025,Kerala,Kasargod,671322,0,2
18-11-2025,Kerala,Kasargod,671533,0,7
18-11-2025,Kerala,Kollam,690518,0,4
18-11-2025,Kerala,Kollam,690521,1,10
18-11-2025,Kerala,Kollam,690524,0,8
18-11-2025,Kerala,Kollam,690526,0,2
18-11-2025,Kerala,Kollam,690528,0,2
18-11-2025,Kerala,Kollam,691002,0,1
18-11-2025,Kerala,Kollam,691004,0,8
18-11-2025,Kerala,Kollam,691008,0,1
18-11-2025,Kerala,Kollam,691010,1,6
18-11-2025,Kerala,Kollam,691011,1,7
18-11-2025,Kerala,Kollam,691322,0,3
18-11-2025,Kerala,Kollam,691334,0,3
18-11-2025,Kerala,Kollam,691511,0,1
18-11-2025,Kerala,Kollam,691520,0,4
18-11-2025,Kerala,Kollam,691535,0,1
18-11-2025,Kerala,Kollam,691540,1,1
18-11-2025,Kerala,Kollam,691560,1,2
18-11-2025,Kerala,Kollam,691571,0,4
18-11-2025,Kerala,Kollam,691574,1,4
18-11-2025,Kerala,Kollam,691576,0,6
18-11-2025,Kerala,Kollam,691582,0,2
18-11-2025,Kerala,Kottayam,686012,0,2
18-11-2025,Kerala,Kottayam,686015,0,4
18-11-2025,Kerala,Kottayam,686122,0,5
18-11-2025,Kerala,Kottayam,686123,0,2
18-11-2025,Kerala,Kottayam,686141,0,2
18-11-2025,Kerala,Kottayam,686142,0,2
18-11-2025,Kerala,Kottayam,686143,0,3
18-11-2025,Kerala,Kottayam,686513,2,10
18-11-2025,Kerala,Kottayam,686515,0,4
18-11-2025,Kerala,Kottayam,686518,0,2
18-11-2025,Kerala,Kottayam,686520,0,2
18-11-2025,Kerala,Kottayam,686532,0,2
18-11-2025,Kerala,Kottayam,686542,0,1
18-11-2025,Kerala,Kottayam,686544,0,2
18-11-2025,Kerala,Kottayam,686545,0,4
18-11-2025,Kerala,Kottayam,686564,0,5
18-11-2025,Kerala,Kottayam,686571,0,1
18-11-2025,Kerala,Kottayam,686582,0,2
18-11-2025,Kerala,Kottayam,686584,0,1
18-11-2025,Kerala,Kottayam,686613,0,3
18-11-2025,Kerala,Kozhikode,673002,0,3
18-11-2025,Kerala,Kozhikode,673003,0,15
18-11-2025,Kerala,Kozhikode,673012,0,9
18-11-2025,Kerala,Kozhikode,673017,0,3
18-11-2025,Kerala,Kozhikode,673027,0,9
18-11-2025,Kerala,Kozhikode,673308,0,5
18-11-2025,Kerala,Kozhikode,673317,0,10
18-11-2025,Kerala,Kozhikode,673323,0,1
18-11-2025,Kerala,Kozhikode,673501,0,9
18-11-2025,Kerala,Kozhikode,673505,0,5
18-11-2025,Kerala,Kozhikode,673507,2,20
18-11-2025,Kerala,Kozhikode,673508,3,19
18-11-2025,Kerala,Kozhikode,673521,0,8
18-11-2025,Kerala,Kozhikode,673574,0,9
18-11-2025,Kerala,Kozhikode,673633,0,3
18-11-2025,Kerala,Malappuram,673632,0,1
18-11-2025,Kerala,Malappuram,673638,1,60
18-11-2025,Kerala,Malappuram,673639,1,28
18-11-2025,Kerala,Malappuram,676102,0,30
18-11-2025,Kerala,Malappuram,676106,0,20
18-11-2025,Kerala,Malappuram,676301,0,30
18-11-2025,Kerala,Malappuram,676302,2,24
18-11-2025,Kerala,Malappuram,676306,0,52
18-11-2025,Kerala,Malappuram,676307,1,43
18-11-2025,Kerala,Malappuram,676317,0,18
18-11-2025,Kerala,Malappuram,676319,0,16
18-11-2025,Kerala,Malappuram,676320,1,21
18-11-2025,Kerala,Malappuram,676501,0,18
18-11-2025,Kerala,Malappuram,676504,0,5
18-11-2025,Kerala,Malappuram,676509,0,9
18-11-2025,Kerala,Malappuram,676553,0,13
18-11-2025,Kerala,Malappuram,679321,1,20
18-11-2025,Kerala,Malappuram,679340,1,15
18-11-2025,Kerala,Malappuram,679571,0,18
18-11-2025,Kerala,Malappuram,679572,0,4
18-11-2025,Kerala,Malappuram,679587,0,2
18-11-2025,Kerala,Palakkad,678001,0,5
18-11-2025,Kerala,Palakkad,678005,0,2
18-11-2025,Kerala,Palakkad,678014,0,1
18-11-2025,Kerala,Palakkad,678103,0,1
18-11-2025,Kerala,Palakkad,678533,0,1
18-11-2025,Kerala,Palakkad,678543,0,2
18-11-2025,Kerala,Palakkad,678556,0,2
18-11-2025,Kerala,Palakkad,678581,0,8
18-11-2025,Kerala,Palakkad,678583,1,17
18-11-2025,Kerala,Palakkad,678593,0,5
18-11-2025,Kerala,Palakkad,678597,0,1
18-11-2025,Kerala,Palakkad,678621,1,2
18-11-2025,Kerala,Palakkad,678642,0,3
18-11-2025,Kerala,Palakkad,678684,0,8
18-11-2025,Kerala,Palakkad,679103,0,1
18-11-2025,Kerala,Palakkad,679303,0,9
18-11-2025,Kerala,Palakkad,679304,2,18
18-11-2025,Kerala,Palakkad,679306,1,5
18-11-2025,Kerala,Palakkad,679336,0,4
18-11-2025,Kerala,Palakkad,679337,0,8
18-11-2025,Kerala,Palakkad,679506,0,1
18-11-2025,Kerala,Palakkad,679512,0,3
18-11-2025,Kerala,Palakkad,679522,0,2
18-11-2025,Kerala,Palakkad,679523,1,1
18-11-2025,Kerala,Palakkad,679536,0,6
18-11-2025,Kerala,Pathanamthitta,686511,0,1
18-11-2025,Kerala,Pathanamthitta,689115,0,1
18-11-2025,Kerala,Pathanamthitta,689513,0,2
18-11-2025,Kerala,Pathanamthitta,689541,1,2
18-11-2025,Kerala,Pathanamthitta,689548,0,2
18-11-2025,Kerala,Pathanamthitta,689581,1,3
18-11-2025,Kerala,Pathanamthitta,689615,0,1
18-11-2025,Kerala,Pathanamthitta,689646,0,3
18-11-2025,Kerala,Pathanamthitta,689648,0,5
18-11-2025,Kerala,Pathanamthitta,689653,0,2
18-11-2025,Kerala,Pathanamthitta,689654,0,2
18-11-2025,Kerala,Pathanamthitta,689668,0,1
18-11-2025,Kerala,Pathanamthitta,689678,1,2
18-11-2025,Kerala,Pathanamthitta,689711,0,4
18-11-2025,Kerala,Pathanamthitta,691525,1,4
18-11-2025,Kerala,Pathanamthitta,691554,1,5
18-11-2025,Kerala,Thiruvananthapuram,695002,0,4
18-11-2025,Kerala,Thiruvananthapuram,695005,0,2
18-11-2025,Kerala,Thiruvananthapuram,695009,0,6
18-11-2025,Kerala,Thiruvananthapuram,695013,4,11
18-11-2025,Kerala,Thiruvananthapuram,695023,0,4
18-11-2025,Kerala,Thiruvananthapuram,695028,0,4
18-11-2025,Kerala,Thiruvananthapuram,695104,0,4
18-11-2025,Kerala,Thiruvananthapuram,695122,1,3
18-11-2025,Kerala,Thiruvananthapuram,695143,0,4
18-11-2025,Kerala,Thiruvananthapuram,695144,0,1
18-11-2025,Kerala,Thiruvananthapuram,695145,0,8
18-11-2025,Kerala,Thiruvananthapuram,695146,0,4
18-11-2025,Kerala,Thiruvananthapuram,695301,0,6
18-11-2025,Kerala,Thiruvananthapuram,695307,0,1
18-11-2025,Kerala,Thiruvananthapuram,695310,0,2
18-11-2025,Kerala,Thiruvananthapuram,695312,0,4
18-11-2025,Kerala,Thiruvananthapuram,695503,0,2
18-11-2025,Kerala,Thiruvananthapuram,695504,0,2
18-11-2025,Kerala,Thiruvananthapuram,695526,0,8
18-11-2025,Kerala,Thiruvananthapuram,695563,0,4
18-11-2025,Kerala,Thiruvananthapuram,695589,0,1
18-11-2025,Kerala,Thiruvananthapuram,695608,0,1
18-11-2025,Kerala,Thiruvananthapuram,695614,0,4
18-11-2025,Kerala,Thrissur,680010,0,1
18-11-2025,Kerala,Thrissur,680504,0,1
18-11-2025,Kerala,Thrissur,680507,0,7
18-11-2025,Kerala,Thrissur,680555,1,1
18-11-2025,Kerala,Thrissur,680566,0,2
18-11-2025,Kerala,Thrissur,680584,0,10
18-11-2025,Kerala,Thrissur,680586,0,6
18-11-2025,Kerala,Thrissur,680601,0,2
18-11-2025,Kerala,Thrissur,680613,1,1
18-11-2025,Kerala,Thrissur,680616,0,5
18-11-2025,Kerala,Thrissur,680617,0,1
18-11-2025,Kerala,Thrissur,680641,0,1
18-11-2025,Kerala,Thrissur,680656,0,1
18-11-2025,Kerala,Thrissur,680665,0,1
18-11-2025,Kerala,Thrissur,680671,0,2
18-11-2025,Kerala,Thrissur,680685,0,1
18-11-2025,Kerala,Thrissur,680711,0,1
18-11-2025,Kerala,Thrissur,680731,0,1
18-11-2025,Kerala,Wayanad,670644,0,7
18-11-2025,Kerala,Wayanad,670645,1,26
18-11-2025,Kerala,Wayanad,673575,0,14
18-11-2025,Kerala,Wayanad,673596,0,1
18-11-2025,Ladakh,Kargil,194109,0,3
18-11-2025,Ladakh,Kargil,194302,3,1
18-11-2025,Madhya Pradesh,Alirajpur,457885,0,2
18-11-2025,Madhya Pradesh,Alirajpur,457888,2,21
18-11-2025,Madhya Pradesh,Anuppur,484224,1,19
18-11-2025,Madhya Pradesh,Anuppur,484440,1,2
18-11-2025,Madhya Pradesh,Anuppur,484886,2,3
18-11-2025,Madhya Pradesh,Balaghat,481051,1,7
18-11-2025,Madhya Pradesh,Balaghat,481105,1,13
18-11-2025,Madhya Pradesh,Balaghat,481111,0,4
18-11-2025,Madhya Pradesh,Balaghat,481224,0,4
18-11-2025,Madhya Pradesh,Balaghat,481331,1,12
18-11-2025,Madhya Pradesh,Barwani,451449,0,15
18-11-2025,Madhya Pradesh,Barwani,451660,1,6
18-11-2025,Madhya Pradesh,Barwani,451666,7,67
18-11-2025,Madhya Pradesh,Barwani,451770,2,15
18-11-2025,Madhya Pradesh,Betul,460449,5,3
18-11-2025,Madhya Pradesh,Betul,460553,2,1
18-11-2025,Madhya Pradesh,Betul,460661,9,22
18-11-2025,Madhya Pradesh,Betul,461441,0,1
18-11-2025,Madhya Pradesh,Bhind,477332,1,6
18-11-2025,Madhya Pradesh,Bhopal,462002,0,1
18-11-2025,Madhya Pradesh,Bhopal,462016,2,20
18-11-2025,Madhya Pradesh,Bhopal,462024,0,5
18-11-2025,Madhya Pradesh,Bhopal,462036,0,8
18-11-2025,Madhya Pradesh,Bhopal,462044,1,10
18-11-2025,Madhya Pradesh,Bhopal,462047,2,9
18-11-2025,Madhya Pradesh,Bhopal,462420,0,15
18-11-2025,Madhya Pradesh,Bhopal,463111,0,5
18-11-2025,Madhya Pradesh,Chhatarpur,471105,1,8
18-11-2025,Madhya Pradesh,Chhatarpur,471111,2,14
18-11-2025,Madhya Pradesh,Chhatarpur,471201,6,25
18-11-2025,Madhya Pradesh,Chhatarpur,471405,1,42
18-11-2025,Madhya Pradesh,Chhatarpur,471515,3,34
18-11-2025,Madhya Pradesh,Chhatarpur,471625,1,4
18-11-2025,Madhya Pradesh,Chhindwara,480105,1,3
18-11-2025,Madhya Pradesh,Chhindwara,480107,2,9
18-11-2025,Madhya Pradesh,Chhindwara,480109,1,5
18-11-2025,Madhya Pradesh,Chhindwara,480110,2,9
18-11-2025,Madhya Pradesh,Chhindwara,480112,1,0
18-11-2025,Madhya Pradesh,Chhindwara,480221,1,20
18-11-2025,Madhya Pradesh,Chhindwara,480331,2,8
18-11-2025,Madhya Pradesh,Chhindwara,480338,0,2
18-11-2025,Madhya Pradesh,Chhindwara,480441,2,25
18-11-2025,Madhya Pradesh,Chhindwara,480447,1,7
18-11-2025,Madhya Pradesh,Chhindwara,480559,2,12
18-11-2025,Madhya Pradesh,Damoh,470664,1,9
18-11-2025,Madhya Pradesh,Damoh,470673,1,17
18-11-2025,Madhya Pradesh,Dewas,455001,10,56
18-11-2025,Madhya Pradesh,Dewas,455115,1,2
18-11-2025,Madhya Pradesh,Dewas,455118,2,20
18-11-2025,Madhya Pradesh,Dewas,455336,0,7
18-11-2025,Madhya Pradesh,Dewas,455339,0,3
18-11-2025,Madhya Pradesh,Dewas,456664,0,1
18-11-2025,Madhya Pradesh,Dhar,454441,1,13
18-11-2025,Madhya Pradesh,East Nimar,450112,0,2
18-11-2025,Madhya Pradesh,East Nimar,450661,1,6
18-11-2025,Madhya Pradesh,East Nimar,450771,0,3
18-11-2025,Madhya Pradesh,East Nimar,450991,1,1
18-11-2025,Madhya Pradesh,Guna,473101,1,27
18-11-2025,Madhya Pradesh,Guna,473110,0,8
18-11-2025,Madhya Pradesh,Guna,473226,0,10
18-11-2025,Madhya Pradesh,Guna,473287,3,23
18-11-2025,Madhya Pradesh,Guna,473446,0,2
18-11-2025,Madhya Pradesh,Gwalior,474012,1,27
18-11-2025,Madhya Pradesh,Harda *,461251,0,2
18-11-2025,Madhya Pradesh,Hoshangabad,461001,2,16
18-11-2025,Madhya Pradesh,Indore,452001,9,76
18-11-2025,Madhya Pradesh,Indore,452003,2,18
18-11-2025,Madhya Pradesh,Indore,452010,9,71
18-11-2025,Madhya Pradesh,Indore,452015,3,38
18-11-2025,Madhya Pradesh,Indore,453111,1,10
18-11-2025,Madhya Pradesh,Indore,453112,0,7
18-11-2025,Madhya Pradesh,Jabalpur,482021,0,15
18-11-2025,Madhya Pradesh,Jabalpur,482051,1,13
18-11-2025,Madhya Pradesh,Jabalpur,483220,2,18
18-11-2025,Madhya Pradesh,Jabalpur,483222,2,10
18-11-2025,Madhya Pradesh,Jabalpur,483334,0,11
18-11-2025,Madhya Pradesh,Jhabua,457001,0,1
18-11-2025,Madhya Pradesh,Jhabua,457775,1,27
18-11-2025,Madhya Pradesh,Jhabua,457779,4,65
18-11-2025,Madhya Pradesh,Katni,483225,1,2
18-11-2025,Madhya Pradesh,Katni,483440,0,10
18-11-2025,Madhya Pradesh,Katni,483770,6,32
18-11-2025,Madhya Pradesh,Khandwa,450114,0,6
18-11-2025,Madhya Pradesh,Khandwa,450116,1,3
18-11-2025,Madhya Pradesh,Khandwa,450661,1,7
18-11-2025,Madhya Pradesh,Khargone,450551,0,1
18-11-2025,Madhya Pradesh,Khargone,451111,1,7
18-11-2025,Madhya Pradesh,Khargone,451113,0,11
18-11-2025,Madhya Pradesh,Khargone,451220,0,1
18-11-2025,Madhya Pradesh,Khargone,451224,1,12
18-11-2025,Madhya Pradesh,Khargone,451331,1,12
18-11-2025,Madhya Pradesh,Khargone,451332,1,19
18-11-2025,Madhya Pradesh,Khargone,451440,0,3
18-11-2025,Madhya Pradesh,Maihar,485881,0,8
18-11-2025,Madhya Pradesh,Mandla,481661,4,35
18-11-2025,Madhya Pradesh,Mandla,481771,1,3
18-11-2025,Madhya Pradesh,Mandsaur,458556,2,16
18-11-2025,Madhya Pradesh,Mandsaur,458664,0,13
18-11-2025,Madhya Pradesh,Mandsaur,458883,3,16
18-11-2025,Madhya Pradesh,Mauganj,486331,0,5
18-11-2025,Madhya Pradesh,Narsimhapur,487221,1,12
18-11-2025,Madhya Pradesh,Narsimhapur,487551,1,6
18-11-2025,Madhya Pradesh,Narsimhapur,487661,0,1
18-11-2025,Madhya Pradesh,Narsinghpur,487334,0,4
18-11-2025,Madhya Pradesh,Neemuch,458110,2,19
18-11-2025,Madhya Pradesh,Neemuch,458220,0,8
18-11-2025,Madhya Pradesh,Neemuch,458330,5,8
18-11-2025,Madhya Pradesh,Neemuch,458470,1,2
18-11-2025,Madhya Pradesh,Niwari,472442,0,1
18-11-2025,Madhya Pradesh,Pandhurna,480106,0,1
18-11-2025,Madhya Pradesh,Panna,488050,0,1
18-11-2025,Madhya Pradesh,Panna,488442,6,20
18-11-2025,Madhya Pradesh,Raisen,462046,3,23
18-11-2025,Madhya Pradesh,Raisen,464774,1,13
18-11-2025,Madhya Pradesh,Raisen,464776,0,4
18-11-2025,Madhya Pradesh,Raisen,464884,2,14
18-11-2025,Madhya Pradesh,Rajgarh,465680,0,10
18-11-2025,Madhya Pradesh,Rajgarh,465685,0,5
18-11-2025,Madhya Pradesh,Rajgarh,465687,3,12
18-11-2025,Madhya Pradesh,Rajgarh,465691,0,15
18-11-2025,Madhya Pradesh,Ratlam,457340,0,3
18-11-2025,Madhya Pradesh,Rewa,486002,0,1
18-11-2025,Madhya Pradesh,Rewa,486003,0,4
18-11-2025,Madhya Pradesh,Rewa,486006,0,2
18-11-2025,Madhya Pradesh,Rewa,486220,3,18
18-11-2025,Madhya Pradesh,Rewa,486226,4,18
18-11-2025,Madhya Pradesh,Rewa,486331,0,33
18-11-2025,Madhya Pradesh,Rewa,486341,2,5
18-11-2025,Madhya Pradesh,Rewa,486440,0,7
18-11-2025,Madhya Pradesh,Rewa,486441,5,20
18-11-2025,Madhya Pradesh,Rewa,486446,2,13
18-11-2025,Madhya Pradesh,Rewa,486450,0,5
18-11-2025,Madhya Pradesh,Sagar,470002,15,41
18-11-2025,Madhya Pradesh,Sagar,470115,1,16
18-11-2025,Madhya Pradesh,Sagar,470117,2,21
18-11-2025,Madhya Pradesh,Sagar,470118,0,5
18-11-2025,Madhya Pradesh,Sagar,470235,0,11
18-11-2025,Madhya Pradesh,Sagar,470337,1,8
18-11-2025,Madhya Pradesh,Satna,485112,0,2
18-11-2025,Madhya Pradesh,Satna,485331,2,16
18-11-2025,Madhya Pradesh,Satna,485334,1,7
18-11-2025,Madhya Pradesh,Satna,485772,2,12
18-11-2025,Madhya Pradesh,Satna,486445,1,2
18-11-2025,Madhya Pradesh,Sehore,466118,0,1
18-11-2025,Madhya Pradesh,Sehore,466125,0,1
18-11-2025,Madhya Pradesh,Sehore,466221,0,6
18-11-2025,Madhya Pradesh,Sehore,466661,0,2
18-11-2025,Madhya Pradesh,Seoni,480667,1,16
18-11-2025,Madhya Pradesh,Seoni,480771,2,7
18-11-2025,Madhya Pradesh,Seoni,480990,2,11
18-11-2025,Madhya Pradesh,Shajapur,465223,0,2
18-11-2025,Madhya Pradesh,Shajapur,465333,1,18
18-11-2025,Madhya Pradesh,Shajapur,465447,2,18
18-11-2025,Madhya Pradesh,Sheopur,476332,6,25
18-11-2025,Madhya Pradesh,Sheopur,476335,4,22
18-11-2025,Madhya Pradesh,Sheopur,476339,1,15
18-11-2025,Madhya Pradesh,Singrauli,486881,4,22
18-11-2025,Madhya Pradesh,Singrauli,486890,0,4
18-11-2025,Madhya Pradesh,Tikamgarh,472001,5,27
18-11-2025,Madhya Pradesh,Tikamgarh,472115,2,21
18-11-2025,Madhya Pradesh,Tikamgarh,472221,1,24
18-11-2025,Madhya Pradesh,Tikamgarh,472246,2,15
18-11-2025,Madhya Pradesh,Tikamgarh,472338,0,25
18-11-2025,Madhya Pradesh,Tikamgarh,472339,0,1
18-11-2025,Madhya Pradesh,Tikamgarh,472446,0,3
18-11-2025,Madhya Pradesh,Ujjain,456440,2,9
18-11-2025,Madhya Pradesh,Ujjain,456550,4,23
18-11-2025,Madhya Pradesh,Umaria,484552,0,3
18-11-2025,Madhya Pradesh,Vidisha,464226,1,4
18-11-2025,Madhya Pradesh,Vidisha,464337,0,10
18-11-2025,Madhya Pradesh,West Nimar,451441,0,1
18-11-2025,Maharashtra,Ahmadnagar,412210,0,12
18-11-2025,Maharashtra,Ahmadnagar,413201,0,247
18-11-2025,Maharashtra,Ahmadnagar,413204,0,190
18-11-2025,Maharashtra,Ahmadnagar,413701,0,130
18-11-2025,Maharashtra,Ahmadnagar,413707,0,35
18-11-2025,Maharashtra,Ahmadnagar,413708,1,43
18-11-2025,Maharashtra,Ahmadnagar,413711,0,34
18-11-2025,Maharashtra,Ahmadnagar,413712,0,4
18-11-2025,Maharashtra,Ahmadnagar,413720,2,20
18-11-2025,Maharashtra,Ahmadnagar,413723,0,27
18-11-2025,Maharashtra,Ahmadnagar,413736,0,26
18-11-2025,Maharashtra,Ahmadnagar,414003,1,37
18-11-2025,Maharashtra,Ahmadnagar,414102,1,108
18-11-2025,Maharashtra,Ahmadnagar,414106,2,53
18-11-2025,Maharashtra,Ahmadnagar,414201,0,17
18-11-2025,Maharashtra,Ahmadnagar,414303,0,17
18-11-2025,Maharashtra,Ahmadnagar,414306,1,61
18-11-2025,Maharashtra,Ahmadnagar,414403,2,164
18-11-2025,Maharashtra,Ahmadnagar,414501,0,47
18-11-2025,Maharashtra,Ahmadnagar,414601,0,11
18-11-2025,Maharashtra,Ahmadnagar,414609,1,21
18-11-2025,Maharashtra,Ahmadnagar,422601,1,79
18-11-2025,Maharashtra,Ahmadnagar,422602,0,70
18-11-2025,Maharashtra,Ahmadnagar,423607,0,20
18-11-2025,Maharashtra,Ahmed Nagar,413201,0,4
18-11-2025,Maharashtra,Ahmed Nagar,413714,0,17
18-11-2025,Maharashtra,Ahmed Nagar,413719,0,2
18-11-2025,Maharashtra,Ahmed Nagar,414003,0,1
18-11-2025,Maharashtra,Ahmed Nagar,414502,0,1
18-11-2025,Maharashtra,Ahmed Nagar,422603,0,12
18-11-2025,Maharashtra,Ahmed Nagar,423601,0,5
18-11-2025,Maharashtra,Akola,444302,2,31
18-11-2025,Maharashtra,Akola,444405,0,106
18-11-2025,Maharashtra,Akola,444511,2,92
18-11-2025,Maharashtra,Amravati,444602,4,43
18-11-2025,Maharashtra,Amravati,444701,1,47
18-11-2025,Maharashtra,Amravati,444705,0,91
18-11-2025,Maharashtra,Amravati,444708,0,13
18-11-2025,Maharashtra,Amravati,444723,0,22
18-11-2025,Maharashtra,Amravati,444810,0,5
18-11-2025,Maharashtra,Amravati,444905,1,113
18-11-2025,Maharashtra,Aurangabad,431006,0,16
18-11-2025,Maharashtra,Aurangabad,431009,1,14
18-11-2025,Maharashtra,Aurangabad,431102,0,28
18-11-2025,Maharashtra,Aurangabad,431116,2,93
18-11-2025,Maharashtra,Aurangabad,431117,0,20
18-11-2025,Maharashtra,Aurangabad,431137,1,53
18-11-2025,Maharashtra,Aurangabad,431150,1,88
18-11-2025,Maharashtra,Aurangabad,431151,0,44
18-11-2025,Maharashtra,Beed,413207,0,60
18-11-2025,Maharashtra,Beed,414203,3,230
18-11-2025,Maharashtra,Beed,431130,1,141
18-11-2025,Maharashtra,Beed,431131,5,191
18-11-2025,Maharashtra,Beed,431143,3,91
18-11-2025,Maharashtra,Beed,431523,0,31
18-11-2025,Maharashtra,Bhandara,441805,0,56
18-11-2025,Maharashtra,Bhandara,441806,0,21
18-11-2025,Maharashtra,Bhandara,441913,0,4
18-11-2025,Maharashtra,Bhandara,441915,0,15
18-11-2025,Maharashtra,Bid,414202,0,8
18-11-2025,Maharashtra,Bid,414203,1,7
18-11-2025,Maharashtra,Bid,431127,0,5
18-11-2025,Maharashtra,Buldana,443001,0,52
18-11-2025,Maharashtra,Buldana,443106,0,5
18-11-2025,Maharashtra,Buldana,443203,0,27
18-11-2025,Maharashtra,Buldana,444312,0,8
18-11-2025,Maharashtra,Buldhana,443101,2,149
18-11-2025,Maharashtra,Buldhana,443103,1,173
18-11-2025,Maharashtra,Buldhana,443112,0,32
18-11-2025,Maharashtra,Buldhana,443303,1,64
18-11-2025,Maharashtra,Buldhana,443401,1,40
18-11-2025,Maharashtra,Buldhana,443402,0,238
18-11-2025,Maharashtra,Buldhana,444201,0,31
18-11-2025,Maharashtra,Chandrapur,441222,1,54
18-11-2025,Maharashtra,Chandrapur,442401,3,102
18-11-2025,Maharashtra,Chandrapur,442402,0,9
18-11-2025,Maharashtra,Chandrapur,442404,2,13
18-11-2025,Maharashtra,Chandrapur,442406,0,4
18-11-2025,Maharashtra,Chandrapur,442903,0,139
18-11-2025,Maharashtra,Chandrapur,442905,1,114
18-11-2025,Maharashtra,Chandrapur,442914,0,39
18-11-2025,Maharashtra,Chandrapur,442916,0,54
18-11-2025,Maharashtra,Chhatrapati Sambhajinagar,423701,0,6
18-11-2025,Maharashtra,Chhatrapati Sambhajinagar,423702,1,2
18-11-2025,Maharashtra,Chhatrapati Sambhajinagar,431001,5,24
18-11-2025,Maharashtra,Chhatrapati Sambhajinagar,431006,0,1
18-11-2025,Maharashtra,Chhatrapati Sambhajinagar,431010,0,2
18-11-2025,Maharashtra,Chhatrapati Sambhajinagar,431115,0,1
18-11-2025,Maharashtra,Dharashiv,413506,0,1
18-11-2025,Maharashtra,Dharashiv,413508,1,1
18-11-2025,Maharashtra,Dharashiv,413534,0,1
18-11-2025,Maharashtra,Dharashiv,413601,0,2
18-11-2025,Maharashtra,Dharashiv,413602,0,1
18-11-2025,Maharashtra,Dharashiv,413606,0,4
18-11-2025,Maharashtra,Dhule,424002,3,42
18-11-2025,Maharashtra,Dhule,424006,1,6
18-11-2025,Maharashtra,Dhule,424303,0,4
18-11-2025,Maharashtra,Dhule,424308,0,22
18-11-2025,Maharashtra,Dhule,425404,1,15
18-11-2025,Maharashtra,Gadchiroli,442704,1,59
18-11-2025,Maharashtra,Gadchiroli,442707,0,73
18-11-2025,Maharashtra,Gondia,441601,0,2
18-11-2025,Maharashtra,Gondia,441801,0,3
18-11-2025,Maharashtra,Gondiya,441702,4,124
18-11-2025,Maharashtra,Gondiya,441802,0,3
18-11-2025,Maharashtra,Gondiya,441916,1,81
18-11-2025,Maharashtra,Gondiya *,441807,0,7
18-11-2025,Maharashtra,Hingoli,431501,0,2
18-11-2025,Maharashtra,Hingoli,431510,0,16
18-11-2025,Maharashtra,Hingoli,431512,10,540
18-11-2025,Maharashtra,Jalgaon,424105,1,82
18-11-2025,Maharashtra,Jalgaon,424106,1,73
18-11-2025,Maharashtra,Jalgaon,424202,1,30
18-11-2025,Maharashtra,Jalgaon,424203,0,18
18-11-2025,Maharashtra,Jalgaon,424204,0,57
18-11-2025,Maharashtra,Jalgaon,424209,2,35
18-11-2025,Maharashtra,Jalgaon,425102,0,2
18-11-2025,Maharashtra,Jalgaon,425105,2,71
18-11-2025,Maharashtra,Jalgaon,425107,1,220
18-11-2025,Maharashtra,Jalgaon,425201,4,68
18-11-2025,Maharashtra,Jalgaon,425203,1,8
18-11-2025,Maharashtra,Jalgaon,425301,1,30
18-11-2025,Maharashtra,Jalgaon,425307,0,8
18-11-2025,Maharashtra,Jalgaon,425401,1,125
18-11-2025,Maharashtra,Jalgaon,425502,1,17
18-11-2025,Maharashtra,Jalna,431507,0,91
18-11-2025,Maharashtra,Kolhapur,416001,2,134
19-11-2025,Punjab,Malerkotla,148021,0,1
19-11-2025,Punjab,Mansa,151502,1,17
19-11-2025,Punjab,Moga,142001,1,38
19-11-2025,Punjab,Moga,142037,0,2
19-11-2025,Punjab,Moga,142042,0,6
19-11-2025,Punjab,Moga,142057,0,6
19-11-2025,Punjab,Moga,152028,0,1
19-11-2025,Punjab,Muktsar,152025,0,3
19-11-2025,Punjab,Nawanshahr,144421,0,4
19-11-2025,Punjab,Nawanshahr,144509,0,1
19-11-2025,Punjab,Nawanshahr,144512,0,1
19-11-2025,Punjab,Nawanshahr,144521,0,5
19-11-2025,Punjab,Nawanshahr,144522,0,1
19-11-2025,Punjab,Patiala,140401,1,60
19-11-2025,Punjab,Patiala,140604,0,1
19-11-2025,Punjab,Patiala,140702,0,15
19-11-2025,Punjab,Patiala,147101,3,33
19-11-2025,Punjab,Patiala,147111,0,18
19-11-2025,Punjab,Patiala,147202,0,12
19-11-2025,Punjab,Rupnagar,140115,0,3
19-11-2025,Punjab,Rupnagar,140301,0,1
19-11-2025,Punjab,S.A.S Nagar(Mohali),140103,0,8
19-11-2025,Punjab,S.A.S Nagar(Mohali),140306,0,2
19-11-2025,Punjab,S.A.S Nagar(Mohali),160055,0,5
19-11-2025,Punjab,SAS Nagar (Mohali),140506,0,1
19-11-2025,Punjab,SAS Nagar (Mohali),160055,1,11
19-11-2025,Punjab,Sangrur,148019,0,1
19-11-2025,Punjab,Sangrur,148025,0,3
19-11-2025,Punjab,Sangrur,148026,0,33
19-11-2025,Punjab,Shaheed Bhagat Singh Nagar,144509,0,3
19-11-2025,Punjab,Sri Muktsar Sahib,151204,0,1
19-11-2025,Punjab,Sri Muktsar Sahib,152022,0,2
19-11-2025,Punjab,Sri Muktsar Sahib,152115,0,5
19-11-2025,Punjab,Tarn Taran,143022,0,2
19-11-2025,Punjab,Tarn Taran,143105,0,4
19-11-2025,Punjab,Tarn Taran,143112,0,2
19-11-2025,Punjab,Tarn Taran,143303,0,4
19-11-2025,Punjab,Tarn Taran,143304,0,6
19-11-2025,Punjab,Tarn Taran,143406,0,8
19-11-2025,Punjab,Tarn Taran,143408,0,4
19-11-2025,Punjab,Tarn Taran,143415,0,7
19-11-2025,Rajasthan,Ajmer,305012,1,6
19-11-2025,Rajasthan,Ajmer,305412,0,14
19-11-2025,Rajasthan,Ajmer,305621,1,11
19-11-2025,Rajasthan,Ajmer,305811,0,4
19-11-2025,Rajasthan,Ajmer,305815,1,1
19-11-2025,Rajasthan,Ajmer,305819,0,2
19-11-2025,Rajasthan,Ajmer,305901,1,60
19-11-2025,Rajasthan,Alwar,301019,0,18
19-11-2025,Rajasthan,Alwar,301035,5,17
19-11-2025,Rajasthan,Alwar,301408,4,24
19-11-2025,Rajasthan,Alwar,301411,4,29
19-11-2025,Rajasthan,Alwar,301427,0,3
19-11-2025,Rajasthan,Alwar,301704,1,10
19-11-2025,Rajasthan,Alwar,301705,0,11
19-11-2025,Rajasthan,Alwar,321606,4,17
19-11-2025,Rajasthan,Balotra,344022,0,3
19-11-2025,Rajasthan,Balotra,344027,0,1
19-11-2025,Rajasthan,Banswara,327024,0,8
19-11-2025,Rajasthan,Banswara,327025,3,22
19-11-2025,Rajasthan,Banswara,327026,1,8
19-11-2025,Rajasthan,Banswara,327031,2,23
19-11-2025,Rajasthan,Banswara,327605,0,7
19-11-2025,Rajasthan,Banswara,327608,1,8
19-11-2025,Rajasthan,Baran,325206,0,11
19-11-2025,Rajasthan,Baran,325209,1,11
19-11-2025,Rajasthan,Baran,325220,7,36
19-11-2025,Rajasthan,Baran,325223,3,13
19-11-2025,Rajasthan,Barmer,344012,1,5
19-11-2025,Rajasthan,Barmer,344024,1,3
19-11-2025,Rajasthan,Barmer,344031,1,12
19-11-2025,Rajasthan,Barmer,344037,0,6
19-11-2025,Rajasthan,Barmer,344502,3,15
19-11-2025,Rajasthan,Barmer,344702,7,42
19-11-2025,Rajasthan,Barmer,344801,2,14
19-11-2025,Rajasthan,Beawar,305901,0,6
19-11-2025,Rajasthan,Beawar,306302,0,1
19-11-2025,Rajasthan,Bharatpur,321026,2,8
19-11-2025,Rajasthan,Bharatpur,321203,4,28
19-11-2025,Rajasthan,Bharatpur,321303,3,24
19-11-2025,Rajasthan,Bharatpur,321403,1,6
19-11-2025,Rajasthan,Bharatpur,321407,0,8
19-11-2025,Rajasthan,Bharatpur,321408,3,16
19-11-2025,Rajasthan,Bharatpur,321601,1,5
19-11-2025,Rajasthan,Bhilwara,311011,1,17
19-11-2025,Rajasthan,Bhilwara,311013,0,1
19-11-2025,Rajasthan,Bhilwara,311025,4,19
19-11-2025,Rajasthan,Bhilwara,311202,5,19
19-11-2025,Rajasthan,Bhilwara,311401,2,15
19-11-2025,Rajasthan,Bhilwara,311602,0,28
19-11-2025,Rajasthan,Bhilwara,311803,3,22
19-11-2025,Rajasthan,Bhilwara,311806,0,12
19-11-2025,Rajasthan,Bikaner,334003,0,8
19-11-2025,Rajasthan,Bikaner,334006,0,1
19-11-2025,Rajasthan,Bikaner,334302,4,15
19-11-2025,Rajasthan,Bikaner,334305,2,16
19-11-2025,Rajasthan,Bikaner,334602,0,6
19-11-2025,Rajasthan,Bikaner,334603,0,24
19-11-2025,Rajasthan,Bikaner,334802,2,17
19-11-2025,Rajasthan,Bikaner,334803,3,48
19-11-2025,Rajasthan,Bundi,323024,5,39
19-11-2025,Rajasthan,Bundi,323602,1,11
19-11-2025,Rajasthan,Bundi,323616,0,9
19-11-2025,Rajasthan,Bundi,323802,3,20
19-11-2025,Rajasthan,Chittaurgarh,312403,0,1
19-11-2025,Rajasthan,Chittaurgarh,312612,0,1
19-11-2025,Rajasthan,Chittorgarh,312021,0,2
19-11-2025,Rajasthan,Chittorgarh,312201,1,9
19-11-2025,Rajasthan,Chittorgarh,312203,1,17
19-11-2025,Rajasthan,Chittorgarh,312205,0,17
19-11-2025,Rajasthan,Chittorgarh,312206,4,9
19-11-2025,Rajasthan,Chittorgarh,312403,1,22
19-11-2025,Rajasthan,Chittorgarh,312404,1,8
19-11-2025,Rajasthan,Chittorgarh,312602,3,6
19-11-2025,Rajasthan,Chittorgarh,312620,0,9
19-11-2025,Rajasthan,Churu,331305,3,6
19-11-2025,Rajasthan,Churu,331402,1,10
19-11-2025,Rajasthan,Churu,331501,2,17
19-11-2025,Rajasthan,Churu,331506,4,19
19-11-2025,Rajasthan,Churu,331518,1,12
19-11-2025,Rajasthan,Churu,331802,3,20
19-11-2025,Rajasthan,Dausa,303004,1,10
19-11-2025,Rajasthan,Dausa,303325,3,4
19-11-2025,Rajasthan,Dausa,321608,3,29
19-11-2025,Rajasthan,Dausa,321612,0,13
19-11-2025,Rajasthan,Dausa,322240,1,17
19-11-2025,Rajasthan,Deeg ,321025,0,2
19-11-2025,Rajasthan,Deeg ,321026,0,1
19-11-2025,Rajasthan,Deeg ,321201,0,2
19-11-2025,Rajasthan,Deeg ,321204,0,1
19-11-2025,Rajasthan,Dholpur,328022,7,58
19-11-2025,Rajasthan,Dholpur,328024,2,22
19-11-2025,Rajasthan,Dholpur,328026,1,26
19-11-2025,Rajasthan,Didwana-Kuchaman,341303,0,3
19-11-2025,Rajasthan,Didwana-Kuchaman,341502,0,1
19-11-2025,Rajasthan,Dungarpur,314030,4,52
19-11-2025,Rajasthan,Dungarpur,314038,0,19
19-11-2025,Rajasthan,Dungarpur,314801,4,30
19-11-2025,Rajasthan,Ganganagar,335039,0,6
19-11-2025,Rajasthan,Ganganagar,335041,0,22
19-11-2025,Rajasthan,Ganganagar,335062,3,28
19-11-2025,Rajasthan,Ganganagar,335703,4,20
19-11-2025,Rajasthan,Ganganagar,335771,1,11
19-11-2025,Rajasthan,Ganganagar,335803,0,6
19-11-2025,Rajasthan,Ganganagar,335804,5,53
19-11-2025,Rajasthan,Hanumangarh,335503,2,4
19-11-2025,Rajasthan,Hanumangarh,335513,1,23
19-11-2025,Rajasthan,Hanumangarh,335802,3,13
19-11-2025,Rajasthan,Jaipur,302003,7,105
19-11-2025,Rajasthan,Jaipur,302006,2,39
19-11-2025,Rajasthan,Jaipur,302017,5,79
19-11-2025,Rajasthan,Jaipur,302018,3,23
19-11-2025,Rajasthan,Jaipur,302021,9,56
19-11-2025,Rajasthan,Jaipur,302023,0,3
19-11-2025,Rajasthan,Jaipur,302024,0,3
19-11-2025,Rajasthan,Jaipur,302025,0,1
19-11-2025,Rajasthan,Jaipur,302027,4,26
19-11-2025,Rajasthan,Jaipur,302033,7,43
19-11-2025,Rajasthan,Jaipur,303004,0,3
19-11-2025,Rajasthan,Jaipur,303012,4,33
19-11-2025,Rajasthan,Jaipur,303102,4,9
19-11-2025,Rajasthan,Jaipur,303103,2,20
19-11-2025,Rajasthan,Jaipur,303338,0,22
19-11-2025,Rajasthan,Jaipur,303803,2,6
19-11-2025,Rajasthan,Jaipur,303807,0,5
19-11-2025,Rajasthan,Jaisalmer,342310,0,1
19-11-2025,Rajasthan,Jaisalmer,345023,0,5
19-11-2025,Rajasthan,Jaisalmer,345026,0,5
19-11-2025,Rajasthan,Jaisalmer,345027,2,4
19-11-2025,Rajasthan,Jaisalmer,345031,1,2
19-11-2025,Rajasthan,Jalor,307029,2,17
19-11-2025,Rajasthan,Jalor,307515,0,12
19-11-2025,Rajasthan,Jalor,343027,1,14
19-11-2025,Rajasthan,Jalor,343030,1,17
19-11-2025,Rajasthan,Jalor,343049,0,14
19-11-2025,Rajasthan,Jalore,343001,0,3
19-11-2025,Rajasthan,Jalore,343022,1,0
19-11-2025,Rajasthan,Jalore,343027,0,1
19-11-2025,Rajasthan,Jalore,343029,0,3
19-11-2025,Rajasthan,Jhalawar,326022,5,19
19-11-2025,Rajasthan,Jhalawar,326033,3,27
19-11-2025,Rajasthan,Jhunjhunu,333023,0,1
19-11-2025,Rajasthan,Jhunjhunu,333029,0,3
19-11-2025,Rajasthan,Jhunjhunu,333503,0,1
19-11-2025,Rajasthan,Jhunjhunun,333022,0,5
19-11-2025,Rajasthan,Jhunjhunun,333029,0,7
19-11-2025,Rajasthan,Jhunjhunun,333032,0,1
19-11-2025,Rajasthan,Jhunjhunun,333035,0,2
19-11-2025,Rajasthan,Jhunjhunun,333053,2,9
19-11-2025,Rajasthan,Jhunjhunun,333503,1,17
19-11-2025,Rajasthan,Jhunjhunun,333504,1,9
19-11-2025,Rajasthan,Jhunjhunun,333701,0,2
19-11-2025,Rajasthan,Jodhpur,342003,0,18
19-11-2025,Rajasthan,Jodhpur,342005,8,33
19-11-2025,Rajasthan,Jodhpur,342008,6,38
19-11-2025,Rajasthan,Jodhpur,342013,0,12
19-11-2025,Rajasthan,Jodhpur,342023,4,22
19-11-2025,Rajasthan,Jodhpur,342301,1,46
19-11-2025,Rajasthan,Jodhpur,342305,0,9
19-11-2025,Rajasthan,Jodhpur,342308,5,13
19-11-2025,Rajasthan,Jodhpur,342314,2,10
19-11-2025,Rajasthan,Karauli,322202,0,5
19-11-2025,Rajasthan,Karauli,322203,0,6
19-11-2025,Rajasthan,Karauli,322212,0,3
19-11-2025,Rajasthan,Karauli,322219,0,1
19-11-2025,Rajasthan,Karauli,322230,4,46
19-11-2025,Rajasthan,Karauli,322241,11,62
19-11-2025,Rajasthan,Kota,324004,2,32
19-11-2025,Rajasthan,Kota,324007,1,25
19-11-2025,Rajasthan,Kota,324008,4,39
19-11-2025,Rajasthan,Kota,325004,5,43
19-11-2025,Rajasthan,Kota,325201,2,11
19-11-2025,Rajasthan,Kota,325203,1,10
19-11-2025,Rajasthan,Nagaur,305026,2,7
19-11-2025,Rajasthan,Nagaur,341001,13,73
19-11-2025,Rajasthan,Nagaur,341021,6,20
19-11-2025,Rajasthan,Nagaur,341023,0,11
19-11-2025,Rajasthan,Nagaur,341304,0,8
19-11-2025,Rajasthan,Nagaur,341305,2,11
19-11-2025,Rajasthan,Nagaur,341306,2,21
19-11-2025,Rajasthan,Nagaur,341319,2,6
19-11-2025,Rajasthan,Nagaur,341508,6,37
19-11-2025,Rajasthan,Pali,306115,0,7
19-11-2025,Rajasthan,Pali,306119,0,2
19-11-2025,Rajasthan,Pali,306307,2,6
19-11-2025,Rajasthan,Pali,306422,0,5
19-11-2025,Rajasthan,Pali,306501,1,2
19-11-2025,Rajasthan,Pali,306504,3,24
19-11-2025,Rajasthan,Pali,306602,1,2
19-11-2025,Rajasthan,Pali,306706,1,1
19-11-2025,Rajasthan,Pali,306707,1,9
19-11-2025,Rajasthan,Pratapgarh,312616,2,11
19-11-2025,Rajasthan,Pratapgarh,312623,0,10
19-11-2025,Rajasthan,Pratapgarh,313604,0,1
19-11-2025,Rajasthan,Pratapgarh,327027,4,55
19-11-2025,Rajasthan,Rajsamand,313207,1,11
19-11-2025,Rajasthan,Rajsamand,313211,2,2
19-11-2025,Rajasthan,Rajsamand,313301,6,34
19-11-2025,Rajasthan,Rajsamand,313322,6,9
19-11-2025,Rajasthan,Rajsamand,313325,3,19
19-11-2025,Rajasthan,Sawai Madhopur,322026,0,15
19-11-2025,Rajasthan,Sawai Madhopur,322029,1,11
19-11-2025,Rajasthan,Sawai Madhopur,322034,2,5
19-11-2025,Rajasthan,Sawai Madhopur,322202,2,7
19-11-2025,Rajasthan,Sawai Madhopur,322214,4,22
19-11-2025,Rajasthan,Sikar,332028,0,6
19-11-2025,Rajasthan,Sikar,332404,2,16
19-11-2025,Rajasthan,Sikar,332405,0,5
19-11-2025,Rajasthan,Sikar,332406,1,7
19-11-2025,Rajasthan,Sikar,332702,3,8
19-11-2025,Rajasthan,Sikar,332706,1,3
19-11-2025,Rajasthan,Sikar,332708,1,9
19-11-2025,Rajasthan,Sikar,332709,4,27
19-11-2025,Rajasthan,Sikar,332718,0,13
19-11-2025,Rajasthan,Sirohi,307019,0,4
19-11-2025,Rajasthan,Sirohi,307028,5,11
19-11-2025,Rajasthan,Sirohi,307510,0,10
19-11-2025,Rajasthan,Sirohi,307513,3,12
19-11-2025,Rajasthan,Sirohi,307801,2,16
19-11-2025,Rajasthan,Tonk,304022,0,6
19-11-2025,Rajasthan,Tonk,304502,2,37
19-11-2025,Rajasthan,Tonk,304503,4,3
19-11-2025,Rajasthan,Tonk,304507,1,8
19-11-2025,Rajasthan,Udaipur,307025,5,24
19-11-2025,Rajasthan,Udaipur,313015,1,2
19-11-2025,Sikkim,East,737103,0,8
19-11-2025,Sikkim,East,737133,0,3
19-11-2025,Sikkim,East Sikkim,737135,0,2
19-11-2025,Sikkim,South,737128,0,1
19-11-2025,Sikkim,South Sikkim,737126,1,3
19-11-2025,Sikkim,West,737121,0,15
19-11-2025,Tamil Nadu,Ariyalur,608703,1,0
19-11-2025,Tamil Nadu,Chengalpattu,600070,3,10
19-11-2025,Tamil Nadu,Chengalpattu,600126,1,11
19-11-2025,Tamil Nadu,Chengalpattu,603002,0,4
19-11-2025,Tamil Nadu,Chengalpattu,603102,0,2
19-11-2025,Tamil Nadu,Chengalpattu,603104,0,2
19-11-2025,Tamil Nadu,Chengalpattu,603108,0,1
19-11-2025,Tamil Nadu,Chengalpattu,603111,0,2
19-11-2025,Tamil Nadu,Chengalpattu,603209,0,6
19-11-2025,Tamil Nadu,Chengalpattu,603210,2,3
19-11-2025,Tamil Nadu,Chengalpattu,603211,0,2
19-11-2025,Tamil Nadu,Chengalpattu,603306,0,1
19-11-2025,Tamil Nadu,Chengalpattu,603313,0,2
19-11-2025,Tamil Nadu,Chennai,600004,3,29
19-11-2025,Tamil Nadu,Chennai,600013,4,19
19-11-2025,Tamil Nadu,Chennai,600015,1,17
19-11-2025,Tamil Nadu,Chennai,600028,1,20
19-11-2025,Tamil Nadu,Chennai,600050,1,1
19-11-2025,Tamil Nadu,Chennai,600053,0,2
19-11-2025,Tamil Nadu,Chennai,600066,0,1
19-11-2025,Tamil Nadu,Chennai,600095,0,6
19-11-2025,Tamil Nadu,Chennai,600100,1,2
19-11-2025,Tamil Nadu,Chennai,600102,0,6
19-11-2025,Tamil Nadu,Chennai,600107,0,12
19-11-2025,Tamil Nadu,Chennai,600113,1,6
19-11-2025,Tamil Nadu,Coimbatore,641008,8,34
19-11-2025,Tamil Nadu,Coimbatore,641022,0,13
19-11-2025,Tamil Nadu,Coimbatore,641026,0,14
19-11-2025,Tamil Nadu,Coimbatore,641027,1,15
19-11-2025,Tamil Nadu,Coimbatore,641028,1,6
19-11-2025,Tamil Nadu,Coimbatore,641030,0,11
19-11-2025,Tamil Nadu,Coimbatore,641031,0,11
19-11-2025,Tamil Nadu,Coimbatore,641039,0,5
19-11-2025,Tamil Nadu,Coimbatore,641044,0,7
