date,state,district,pincode,bio_age_5_17,bio_age_17_
07-11-2025,Haryana,Yamuna Nagar,135002,4,6
07-11-2025,Haryana,Yamunanagar,135001,1,2
07-11-2025,Himachal Pradesh,Bilaspur,174004,2,2
07-11-2025,Himachal Pradesh,Bilaspur,174005,1,0
07-11-2025,Himachal Pradesh,Bilaspur,174013,3,1
07-11-2025,Himachal Pradesh,Bilaspur,174021,21,4
07-11-2025,Himachal Pradesh,Bilaspur,174024,0,1
07-11-2025,Himachal Pradesh,Bilaspur,174027,2,3
07-11-2025,Himachal Pradesh,Bilaspur,174029,12,5
07-11-2025,Himachal Pradesh,Bilaspur,174031,1,1
07-11-2025,Himachal Pradesh,Bilaspur,174201,2,1
07-11-2025,Himachal Pradesh,Chamba,176312,16,3
07-11-2025,Himachal Pradesh,Chamba,176318,6,1
07-11-2025,Himachal Pradesh,Hamirpur,174304,1,1
07-11-2025,Himachal Pradesh,Hamirpur,176040,0,3
07-11-2025,Himachal Pradesh,Hamirpur,176049,2,0
07-11-2025,Himachal Pradesh,Hamirpur,177001,8,6
07-11-2025,Himachal Pradesh,Hamirpur,177023,0,1
07-11-2025,Himachal Pradesh,Hamirpur,177038,0,1
07-11-2025,Himachal Pradesh,Hamirpur,177048,3,0
07-11-2025,Himachal Pradesh,Kangra,176022,2,1
07-11-2025,Himachal Pradesh,Kangra,176061,11,9
07-11-2025,Himachal Pradesh,Kangra,176064,3,0
07-11-2025,Himachal Pradesh,Kangra,176066,3,0
07-11-2025,Himachal Pradesh,Kangra,176096,5,1
07-11-2025,Himachal Pradesh,Kangra,176201,7,2
07-11-2025,Himachal Pradesh,Kangra,176203,1,3
07-11-2025,Himachal Pradesh,Kangra,176216,2,2
07-11-2025,Himachal Pradesh,Kangra,176218,10,2
07-11-2025,Himachal Pradesh,Kangra,176501,0,2
07-11-2025,Himachal Pradesh,Kangra,177105,4,1
07-11-2025,Himachal Pradesh,Kangra,177108,4,2
07-11-2025,Himachal Pradesh,Kangra,177113,4,1
07-11-2025,Himachal Pradesh,Kinnaur,172101,6,3
07-11-2025,Himachal Pradesh,Kinnaur,172108,2,1
07-11-2025,Himachal Pradesh,Kinnaur,172115,2,0
07-11-2025,Himachal Pradesh,Kullu,172023,3,1
07-11-2025,Himachal Pradesh,Kullu,172026,4,3
07-11-2025,Himachal Pradesh,Kullu,175102,2,2
07-11-2025,Himachal Pradesh,Kullu,175126,3,1
07-11-2025,Himachal Pradesh,Kullu,175131,1,2
07-11-2025,Himachal Pradesh,Lahul & Spiti,172113,0,1
07-11-2025,Himachal Pradesh,Lahul and Spiti,172114,0,2
07-11-2025,Himachal Pradesh,Mandi,171303,1,1
07-11-2025,Himachal Pradesh,Mandi,174403,1,2
07-11-2025,Himachal Pradesh,Mandi,175004,1,2
07-11-2025,Himachal Pradesh,Mandi,175005,2,4
07-11-2025,Himachal Pradesh,Mandi,175018,2,6
07-11-2025,Himachal Pradesh,Mandi,175033,1,0
07-11-2025,Himachal Pradesh,Mandi,175046,4,0
07-11-2025,Himachal Pradesh,Mandi,176120,6,2
07-11-2025,Himachal Pradesh,Mandi,176121,5,2
07-11-2025,Himachal Pradesh,Shimla,171012,4,2
07-11-2025,Himachal Pradesh,Shimla,171018,0,1
07-11-2025,Himachal Pradesh,Shimla,171202,9,7
07-11-2025,Himachal Pradesh,Shimla,171208,14,0
07-11-2025,Himachal Pradesh,Shimla,171210,9,10
07-11-2025,Himachal Pradesh,Shimla,171217,7,2
07-11-2025,Himachal Pradesh,Shimla,171222,2,0
07-11-2025,Himachal Pradesh,Shimla,172001,10,3
07-11-2025,Himachal Pradesh,Shimla,172030,2,1
07-11-2025,Himachal Pradesh,Shimla,172031,1,0
07-11-2025,Himachal Pradesh,Shimla,172101,1,0
07-11-2025,Himachal Pradesh,Sirmaur,171226,1,0
07-11-2025,Himachal Pradesh,Sirmaur,173104,2,1
07-11-2025,Himachal Pradesh,Solan,173222,1,0
07-11-2025,Himachal Pradesh,Solan,174102,2,1
07-11-2025,Himachal Pradesh,Una,177031,0,1
07-11-2025,Himachal Pradesh,Una,177039,1,1
07-11-2025,Himachal Pradesh,Una,177203,1,2
07-11-2025,Himachal Pradesh,Una,177210,3,0
07-11-2025,Jammu and Kashmir,Anantnag,192101,18,7
07-11-2025,Jammu and Kashmir,Anantnag,192126,16,11
07-11-2025,Jammu and Kashmir,Anantnag,192129,1,2
07-11-2025,Jammu and Kashmir,Badgam,191113,4,5
07-11-2025,Jammu and Kashmir,Badgam,192121,2,4
07-11-2025,Jammu and Kashmir,Bandipore,193121,0,2
07-11-2025,Jammu and Kashmir,Baramula,193121,17,15
07-11-2025,Jammu and Kashmir,Budgam,191112,11,1
07-11-2025,Jammu and Kashmir,Budgam,193401,3,0
07-11-2025,Jammu and Kashmir,Doda,182201,33,15
07-11-2025,Jammu and Kashmir,Doda,182222,40,8
07-11-2025,Jammu and Kashmir,Jammu,180007,4,3
07-11-2025,Jammu and Kashmir,Jammu,180015,3,4
07-11-2025,Jammu and Kashmir,Jammu,181121,2,2
07-11-2025,Jammu and Kashmir,Jammu,181124,1,1
07-11-2025,Jammu and Kashmir,Jammu,181131,15,7
07-11-2025,Jammu and Kashmir,Jammu,181203,18,4
07-11-2025,Jammu and Kashmir,Jammu,181206,35,12
07-11-2025,Jammu and Kashmir,Jammu,181221,21,12
07-11-2025,Jammu and Kashmir,Jammu,181224,1,6
07-11-2025,Jammu and Kashmir,Kargil,194302,1,1
07-11-2025,Jammu and Kashmir,Kathua,184121,1,0
07-11-2025,Jammu and Kashmir,Kathua,184142,4,4
07-11-2025,Jammu and Kashmir,Kathua,184148,5,0
07-11-2025,Jammu and Kashmir,Kathua,184152,6,3
07-11-2025,Jammu and Kashmir,Kathua,184203,11,9
07-11-2025,Jammu and Kashmir,Kishtwar,182205,18,12
07-11-2025,Jammu and Kashmir,Kupwara,193302,14,16
07-11-2025,Jammu and Kashmir,Kupwara,193303,0,1
07-11-2025,Jammu and Kashmir,Leh,194101,4,3
07-11-2025,Jammu and Kashmir,Punch,185102,46,22
07-11-2025,Jammu and Kashmir,Punch,185121,112,39
07-11-2025,Jammu and Kashmir,Rajouri,185135,40,7
07-11-2025,Jammu and Kashmir,Rajouri,185151,41,16
07-11-2025,Jammu and Kashmir,Rajouri,185156,2,3
07-11-2025,Jammu and Kashmir,Reasi,182315,31,20
07-11-2025,Jammu and Kashmir,Samba,181145,1,2
07-11-2025,Jammu and Kashmir,Shupiyan,190012,0,1
07-11-2025,Jammu and Kashmir,Srinagar,190007,1,1
07-11-2025,Jammu and Kashmir,Srinagar,190011,20,29
07-11-2025,Jammu and Kashmir,Srinagar,190015,20,10
07-11-2025,Jammu and Kashmir,Srinagar,190019,4,1
07-11-2025,Jammu and Kashmir,Srinagar,190020,16,9
07-11-2025,Jammu and Kashmir,Srinagar,191202,0,2
07-11-2025,Jammu and Kashmir,Udhampur,182121,30,11
07-11-2025,Jammu and Kashmir,Udhampur,182122,38,39
07-11-2025,Jammu and Kashmir,Udhampur,182125,13,8
07-11-2025,Jammu and Kashmir,Udhampur,182126,18,9
07-11-2025,Jammu and Kashmir,Udhampur,182301,0,1
07-11-2025,Jammu and Kashmir,Udhampur,182315,0,6
07-11-2025,Jharkhand,Bokaro,825325,0,2
07-11-2025,Jharkhand,Bokaro,827014,0,4
07-11-2025,Jharkhand,Bokaro,828303,2,2
07-11-2025,Jharkhand,Bokaro,829127,1,5
07-11-2025,Jharkhand,Chatra,825403,18,17
07-11-2025,Jharkhand,Deoghar,814112,5,8
07-11-2025,Jharkhand,Deoghar,814143,4,6
07-11-2025,Jharkhand,Dhanbad,826004,4,9
07-11-2025,Jharkhand,Dhanbad,828109,18,47
07-11-2025,Jharkhand,Dhanbad,828122,4,1
07-11-2025,Jharkhand,Dhanbad,828132,0,3
07-11-2025,Jharkhand,Dhanbad,828202,9,16
07-11-2025,Jharkhand,Dhanbad,828204,2,12
07-11-2025,Jharkhand,Dhanbad,828309,1,6
07-11-2025,Jharkhand,Dumka,814110,0,3
07-11-2025,Jharkhand,Dumka,814120,6,8
07-11-2025,Jharkhand,Dumka,814141,4,4
07-11-2025,Jharkhand,Dumka,814146,10,8
07-11-2025,Jharkhand,Dumka,814166,3,2
07-11-2025,Jharkhand,Dumka,816117,0,3
07-11-2025,Jharkhand,East Singhbhum,831007,1,2
07-11-2025,Jharkhand,East Singhbhum,831018,0,8
07-11-2025,Jharkhand,East Singhbhum,832101,27,33
07-11-2025,Jharkhand,East Singhbhum,832104,26,40
07-11-2025,Jharkhand,East Singhbhum,832106,8,3
07-11-2025,Jharkhand,East Singhbhum,832302,30,20
07-11-2025,Jharkhand,Garhwa,822120,19,31
07-11-2025,Jharkhand,Garhwa,822125,22,38
07-11-2025,Jharkhand,Garhwa,822129,1,3
07-11-2025,Jharkhand,Giridih,815311,3,4
07-11-2025,Jharkhand,Godda,814133,29,17
07-11-2025,Jharkhand,Godda,814153,20,22
07-11-2025,Jharkhand,Godda,814155,29,18
07-11-2025,Jharkhand,Godda,814156,11,8
07-11-2025,Jharkhand,Godda,814165,10,11
07-11-2025,Jharkhand,Gumla,835229,8,17
07-11-2025,Jharkhand,Gumla,835231,18,15
07-11-2025,Jharkhand,Gumla,835232,6,9
07-11-2025,Jharkhand,Gumla,835233,9,17
07-11-2025,Jharkhand,Hazaribag,825313,1,2
07-11-2025,Jharkhand,Hazaribagh,825311,20,16
07-11-2025,Jharkhand,Hazaribagh,825313,7,7
07-11-2025,Jharkhand,Hazaribagh,825321,2,5
07-11-2025,Jharkhand,Hazaribagh,825413,1,0
07-11-2025,Jharkhand,Hazaribagh,829101,0,2
07-11-2025,Jharkhand,Jamtara,814166,2,6
07-11-2025,Jharkhand,Jamtara,815352,16,26
07-11-2025,Jharkhand,Jamtara,815359,9,10
07-11-2025,Jharkhand,Khunti,835303,0,1
07-11-2025,Jharkhand,Kodarma,825409,2,4
07-11-2025,Jharkhand,Koderma,825132,5,12
07-11-2025,Jharkhand,Koderma,825407,5,6
07-11-2025,Jharkhand,Koderma,825418,9,11
07-11-2025,Jharkhand,Lohardaga,835203,0,3
07-11-2025,Jharkhand,Pakur,816104,6,4
07-11-2025,Jharkhand,Pakur,816105,1,0
07-11-2025,Jharkhand,Pakur,816117,1,4
07-11-2025,Jharkhand,Palamu,822101,3,7
07-11-2025,Jharkhand,Pashchimi Singhbhum,833215,1,2
07-11-2025,Jharkhand,Purbi Singhbhum,831008,1,0
07-11-2025,Jharkhand,Purbi Singhbhum,831018,0,2
07-11-2025,Jharkhand,Ramgarh,825326,1,0
07-11-2025,Jharkhand,Ramgarh,829101,3,2
07-11-2025,Jharkhand,Ramgarh,829108,0,1
07-11-2025,Jharkhand,Ramgarh,829110,18,14
07-11-2025,Jharkhand,Ramgarh,829135,1,1
07-11-2025,Jharkhand,Ramgarh,829150,4,4
07-11-2025,Jharkhand,Ranchi,834009,1,4
07-11-2025,Jharkhand,Ranchi,835103,7,21
07-11-2025,Jharkhand,Ranchi,835202,4,12
07-11-2025,Jharkhand,Ranchi,835205,7,8
07-11-2025,Jharkhand,Ranchi,835222,8,12
07-11-2025,Jharkhand,Ranchi,835233,0,1
07-11-2025,Jharkhand,Sahebganj,813208,7,7
07-11-2025,Jharkhand,Sahebganj,816101,20,15
07-11-2025,Jharkhand,Sahebganj,816104,0,1
07-11-2025,Jharkhand,Sahebganj,816110,8,16
07-11-2025,Jharkhand,Seraikela-Kharsawan,831002,9,17
07-11-2025,Jharkhand,Seraikela-Kharsawan,831012,10,15
07-11-2025,Jharkhand,Seraikela-Kharsawan,833102,0,1
07-11-2025,Jharkhand,Seraikela-Kharsawan,833216,10,27
07-11-2025,Jharkhand,Seraikela-Kharsawan,833220,6,10
07-11-2025,Jharkhand,Seraikela-kharsawan,832108,3,1
07-11-2025,Jharkhand,Seraikela-kharsawan,832403,5,8
07-11-2025,Jharkhand,Simdega,835201,15,19
07-11-2025,Jharkhand,Simdega,835211,8,27
07-11-2025,Jharkhand,Simdega,835226,5,23
07-11-2025,Jharkhand,Simdega,835228,5,4
07-11-2025,Jharkhand,Simdega,835235,4,6
07-11-2025,Jharkhand,West Singhbhum,831002,0,1
07-11-2025,Jharkhand,West Singhbhum,831009,0,1
07-11-2025,Jharkhand,West Singhbhum,833203,4,11
07-11-2025,Jharkhand,West Singhbhum,833221,1,2
07-11-2025,Jharkhand,West Singhbhum,833222,0,3
07-11-2025,Jharkhand,West Singhbhum,833223,1,1
07-11-2025,Karnataka,Bagalkot,587114,1,1
07-11-2025,Karnataka,Bagalkot,587119,2,3
07-11-2025,Karnataka,Bagalkot,587122,2,3
07-11-2025,Karnataka,Bagalkot,587124,3,5
07-11-2025,Karnataka,Bagalkot,587201,9,6
07-11-2025,Karnataka,Bagalkot,587203,6,3
07-11-2025,Karnataka,Bagalkot,587206,12,3
07-11-2025,Karnataka,Bagalkot,587301,10,4
07-11-2025,Karnataka,Bagalkot,587312,2,2
07-11-2025,Karnataka,Bagalkot,587313,7,8
07-11-2025,Karnataka,Bagalkot,587314,1,2
07-11-2025,Karnataka,Bagalkot,587315,17,7
07-11-2025,Karnataka,Ballari,583113,2,2
07-11-2025,Karnataka,Ballari,583123,4,2
07-11-2025,Karnataka,Ballari,583126,2,0
07-11-2025,Karnataka,Ballari,583201,1,3
07-11-2025,Karnataka,Ballari,583212,2,0
07-11-2025,Karnataka,Bangalore,560001,1,6
07-11-2025,Karnataka,Bangalore,560005,4,4
07-11-2025,Karnataka,Bangalore,560008,0,5
07-11-2025,Karnataka,Bangalore,560019,1,2
07-11-2025,Karnataka,Bangalore,560022,3,3
07-11-2025,Karnataka,Bangalore,560026,0,10
07-11-2025,Karnataka,Bangalore,560034,1,2
07-11-2025,Karnataka,Bangalore,560042,0,1
07-11-2025,Karnataka,Bangalore,560043,10,3
07-11-2025,Karnataka,Bangalore,560046,2,3
07-11-2025,Karnataka,Bangalore,560051,0,4
07-11-2025,Karnataka,Bangalore,560058,2,9
07-11-2025,Karnataka,Bangalore,560061,2,5
07-11-2025,Karnataka,Bangalore,560068,5,17
07-11-2025,Karnataka,Bangalore,560099,0,4
07-11-2025,Karnataka,Bangalore,560103,0,1
07-11-2025,Karnataka,Bangalore,562149,4,2
07-11-2025,Karnataka,Bangalore Rural,561204,2,8
07-11-2025,Karnataka,Belagavi,590006,1,4
07-11-2025,Karnataka,Belagavi,591117,2,2
07-11-2025,Karnataka,Belagavi,591122,2,1
07-11-2025,Karnataka,Belagavi,591123,4,2
07-11-2025,Karnataka,Belagavi,591129,0,2
07-11-2025,Karnataka,Belagavi,591220,8,0
07-11-2025,Karnataka,Belagavi,591226,4,1
07-11-2025,Karnataka,Belagavi,591227,0,1
07-11-2025,Karnataka,Belagavi,591238,1,0
07-11-2025,Karnataka,Belagavi,591244,2,0
07-11-2025,Karnataka,Belagavi,591254,1,0
07-11-2025,Karnataka,Belagavi,591304,8,7
07-11-2025,Karnataka,Belagavi,591311,4,3
07-11-2025,Karnataka,Belgaum,591103,1,4
07-11-2025,Karnataka,Belgaum,591110,0,2
07-11-2025,Karnataka,Belgaum,591114,2,2
07-11-2025,Karnataka,Belgaum,591120,1,5
07-11-2025,Karnataka,Belgaum,591131,1,0
07-11-2025,Karnataka,Belgaum,591153,0,1
07-11-2025,Karnataka,Belgaum,591217,1,3
07-11-2025,Karnataka,Belgaum,591223,2,1
07-11-2025,Karnataka,Belgaum,591234,0,2
07-11-2025,Karnataka,Belgaum,591236,0,1
07-11-2025,Karnataka,Belgaum,591247,0,1
07-11-2025,Karnataka,Belgaum,591265,2,0
07-11-2025,Karnataka,Belgaum,591307,0,1
07-11-2025,Karnataka,Belgaum,591309,0,3
07-11-2025,Karnataka,Bellary,583114,1,3
07-11-2025,Karnataka,Bellary,583116,0,6
07-11-2025,Karnataka,Bellary,583120,5,7
07-11-2025,Karnataka,Bellary,583121,3,3
07-11-2025,Karnataka,Bellary,583134,1,5
07-11-2025,Karnataka,Bellary,583214,1,1
07-11-2025,Karnataka,Bellary,583217,2,1
07-11-2025,Karnataka,Bellary,583224,0,4
07-11-2025,Karnataka,Bengaluru,560020,2,3
07-11-2025,Karnataka,Bengaluru,560034,1,3
07-11-2025,Karnataka,Bengaluru,560053,0,3
07-11-2025,Karnataka,Bengaluru,560055,1,1
07-11-2025,Karnataka,Bengaluru,560063,2,0
07-11-2025,Karnataka,Bengaluru,560089,2,0
07-11-2025,Karnataka,Bengaluru,560104,0,1
07-11-2025,Karnataka,Bengaluru,560109,0,1
07-11-2025,Karnataka,Bengaluru,560110,0,1
07-11-2025,Karnataka,Bengaluru,562157,1,0
07-11-2025,Karnataka,Bengaluru South,562120,1,0
07-11-2025,Karnataka,Bidar,585328,17,12
07-11-2025,Karnataka,Bidar,585329,5,4
07-11-2025,Karnataka,Bidar,585413,3,5
07-11-2025,Karnataka,Bidar,585419,2,5
07-11-2025,Karnataka,Bidar,585443,1,2
07-11-2025,Karnataka,Bijapur,586115,1,2
07-11-2025,Karnataka,Bijapur,586122,2,1
07-11-2025,Karnataka,Bijapur,586127,0,1
07-11-2025,Karnataka,Bijapur,586128,14,8
07-11-2025,Karnataka,Bijapur,586213,1,3
07-11-2025,Karnataka,Chamarajanagar,571126,0,1
07-11-2025,Karnataka,Chamrajanagar,571111,3,3
07-11-2025,Karnataka,Chamrajanagar,571115,1,2
07-11-2025,Karnataka,Chamrajanagar,571312,1,0
07-11-2025,Karnataka,Chamrajanagar,571440,6,6
07-11-2025,Karnataka,Chickmagalur,577102,0,2
07-11-2025,Karnataka,Chickmagalur,577112,1,1
07-11-2025,Karnataka,Chickmagalur,577145,0,3
07-11-2025,Karnataka,Chickmagalur,577160,1,1
07-11-2025,Karnataka,Chikkaballapur,561228,1,3
07-11-2025,Karnataka,Chikkaballapur,562103,4,1
07-11-2025,Karnataka,Chikkamagaluru,577112,0,1
07-11-2025,Karnataka,Chikkamagaluru,577116,1,0
07-11-2025,Karnataka,Chikkamagaluru,577132,0,1
07-11-2025,Karnataka,Chikkamagaluru,577168,0,2
07-11-2025,Karnataka,Chikkamagaluru,577228,8,2
07-11-2025,Karnataka,Chikkamagaluru,577549,1,2
07-11-2025,Karnataka,Chitradurga,577521,1,1
07-11-2025,Karnataka,Chitradurga,577533,4,1
07-11-2025,Karnataka,Chitradurga,577546,3,1
07-11-2025,Karnataka,Chitradurga,577558,0,1
07-11-2025,Karnataka,Chitradurga,577599,1,1
07-11-2025,Karnataka,Dakshina Kannada,574142,1,4
07-11-2025,Karnataka,Dakshina Kannada,574144,1,5
07-11-2025,Karnataka,Dakshina Kannada,574153,1,1
07-11-2025,Karnataka,Dakshina Kannada,574154,0,1
07-11-2025,Karnataka,Dakshina Kannada,574202,8,3
07-11-2025,Karnataka,Dakshina Kannada,574203,2,2
07-11-2025,Karnataka,Dakshina Kannada,574219,5,2
07-11-2025,Karnataka,Dakshina Kannada,574221,5,1
07-11-2025,Karnataka,Dakshina Kannada,574225,0,1
07-11-2025,Karnataka,Dakshina Kannada,574233,0,1
07-11-2025,Karnataka,Dakshina Kannada,574236,0,3
07-11-2025,Karnataka,Dakshina Kannada,574242,2,1
07-11-2025,Karnataka,Dakshina Kannada,574253,1,1
07-11-2025,Karnataka,Dakshina Kannada,574325,3,2
07-11-2025,Karnataka,Dakshina Kannada,575001,7,7
07-11-2025,Karnataka,Dakshina Kannada,575005,0,3
07-11-2025,Karnataka,Dakshina Kannada,575011,1,0
07-11-2025,Karnataka,Dakshina Kannada,575014,2,0
07-11-2025,Karnataka,Dakshina Kannada,575015,5,6
07-11-2025,Karnataka,Dakshina Kannada,575018,1,0
07-11-2025,Karnataka,Dakshina Kannada,575019,0,1
07-11-2025,Karnataka,Dakshina Kannada,575020,0,4
07-11-2025,Karnataka,Davanagere,577551,0,2
07-11-2025,Karnataka,Davanagere,577589,0,3
07-11-2025,Karnataka,Davanagere,583127,2,0
07-11-2025,Karnataka,Davangere,577004,5,17
07-11-2025,Karnataka,Davangere,577005,1,4
07-11-2025,Karnataka,Davangere,577006,8,13
07-11-2025,Karnataka,Davangere,577215,1,3
07-11-2025,Karnataka,Davangere,577223,3,11
07-11-2025,Karnataka,Davangere,577224,2,0
07-11-2025,Karnataka,Davangere,577525,3,2
07-11-2025,Karnataka,Davangere,577601,10,10
07-11-2025,Karnataka,Davangere,583137,0,2
07-11-2025,Karnataka,Davangere,583213,0,4
07-11-2025,Karnataka,Dharwad,580011,1,4
07-11-2025,Karnataka,Dharwad,581105,2,2
07-11-2025,Karnataka,Dharwad,581113,5,14
07-11-2025,Karnataka,Dharwad,581207,1,2
07-11-2025,Karnataka,Dharwad,581209,1,0
07-11-2025,Karnataka,Dharwad,582201,6,5
07-11-2025,Karnataka,Gadag,582115,3,1
07-11-2025,Karnataka,Gadag,582116,7,7
07-11-2025,Karnataka,Gadag,582203,4,3
07-11-2025,Karnataka,Gadag *,582207,0,1
07-11-2025,Karnataka,Gulbarga,585106,0,1
07-11-2025,Karnataka,Gulbarga,585212,1,3
07-11-2025,Karnataka,Gulbarga,585218,3,0
07-11-2025,Karnataka,Gulbarga,585220,0,1
07-11-2025,Karnataka,Gulbarga,585305,0,1
07-11-2025,Karnataka,Gulbarga,585313,2,2
07-11-2025,Karnataka,Gulbarga,585316,3,7
07-11-2025,Karnataka,Gulbarga,585317,2,1
07-11-2025,Karnataka,Gulbarga,585322,0,1
07-11-2025,Karnataka,Hasan,573112,1,0
07-11-2025,Karnataka,Hasan,573113,0,2
07-11-2025,Karnataka,Hasan,573128,1,1
07-11-2025,Karnataka,Hasan,573134,4,1
07-11-2025,Karnataka,Hasan,573215,0,2
07-11-2025,Karnataka,Hasan,573219,2,0
07-11-2025,Karnataka,Hasan,573220,0,1
07-11-2025,Karnataka,Hassan,573102,1,2
07-11-2025,Karnataka,Hassan,573103,4,2
07-11-2025,Karnataka,Hassan,573111,2,4
07-11-2025,Karnataka,Hassan,573112,6,0
07-11-2025,Karnataka,Hassan,573137,0,1
07-11-2025,Karnataka,Hassan,573150,2,2
07-11-2025,Karnataka,Haveri,581101,1,1
07-11-2025,Karnataka,Haveri,581106,9,10
07-11-2025,Karnataka,Haveri,581118,10,10
07-11-2025,Karnataka,Haveri,581123,0,7
07-11-2025,Karnataka,Haveri,581202,1,1
07-11-2025,Karnataka,Haveri,581210,4,1
07-11-2025,Karnataka,Kalaburagi,585229,0,1
07-11-2025,Karnataka,Kalaburagi,585236,3,3
07-11-2025,Karnataka,Kalaburagi,585301,4,5
07-11-2025,Karnataka,Kalaburagi,585316,5,4
07-11-2025,Karnataka,Kodagu,571201,1,4
07-11-2025,Karnataka,Kodagu,571247,1,3
07-11-2025,Karnataka,Kolar,563101,9,21
07-11-2025,Karnataka,Kolar,563113,1,4
07-11-2025,Karnataka,Kolar,563116,4,3
07-11-2025,Karnataka,Kolar,563118,0,2
07-11-2025,Karnataka,Kolar,563137,3,3
07-11-2025,Karnataka,Kolar,563138,2,2
07-11-2025,Karnataka,Koppal,583227,11,11
07-11-2025,Karnataka,Koppal,583280,3,3
07-11-2025,Karnataka,Mandya,571422,0,8
07-11-2025,Karnataka,Mandya,571424,3,6
07-11-2025,Karnataka,Mandya,571432,3,4
07-11-2025,Karnataka,Mandya,571446,5,3
07-11-2025,Karnataka,Mandya,571448,0,1
07-11-2025,Karnataka,Mysore,570002,0,3
07-11-2025,Karnataka,Mysore,570004,0,2
07-11-2025,Karnataka,Mysore,570008,4,8
07-11-2025,Karnataka,Mysore,570012,0,2
07-11-2025,Karnataka,Mysore,570018,0,1
07-11-2025,Karnataka,Mysore,570022,1,3
07-11-2025,Karnataka,Mysore,571107,11,5
07-11-2025,Karnataka,Mysore,571121,5,4
07-11-2025,Karnataka,Mysore,571301,0,2
07-11-2025,Karnataka,Mysuru,570001,2,4
07-11-2025,Karnataka,Mysuru,570008,5,8
07-11-2025,Karnataka,Mysuru,570023,0,2
07-11-2025,Karnataka,Mysuru,570031,2,0
07-11-2025,Karnataka,Mysuru,571114,1,2
07-11-2025,Karnataka,Mysuru,571120,2,1
07-11-2025,Karnataka,Mysuru,571121,2,2
07-11-2025,Karnataka,Mysuru,571129,1,0
07-11-2025,Karnataka,Mysuru,571189,3,2
07-11-2025,Karnataka,Mysuru,571311,2,1
07-11-2025,Karnataka,Raichur,584103,3,11
07-11-2025,Karnataka,Raichur,584129,10,4
07-11-2025,Karnataka,Raichur,584140,3,7
07-11-2025,Karnataka,Ramanagar,561201,1,3
07-11-2025,Karnataka,Ramanagar,562112,9,2
07-11-2025,Karnataka,Ramanagar,562159,16,9
07-11-2025,Karnataka,Shimoga,577211,1,1
07-11-2025,Karnataka,Shimoga,577301,1,3
07-11-2025,Karnataka,Shimoga,577401,3,6
07-11-2025,Karnataka,Shimoga,577414,1,2
07-11-2025,Karnataka,Shimoga,577418,2,2
07-11-2025,Karnataka,Shimoga,577419,0,1
07-11-2025,Karnataka,Shimoga,577421,3,0
07-11-2025,Karnataka,Shimoga,577427,2,11
07-11-2025,Karnataka,Shimoga,577430,1,0
07-11-2025,Karnataka,Shimoga,577434,1,0
07-11-2025,Karnataka,Shivamogga,577202,2,0
07-11-2025,Karnataka,Shivamogga,577211,0,1
07-11-2025,Karnataka,Shivamogga,577223,1,0
07-11-2025,Karnataka,Shivamogga,577233,1,0
07-11-2025,Karnataka,Shivamogga,577401,5,4
07-11-2025,Karnataka,Shivamogga,577419,1,1
07-11-2025,Karnataka,Shivamogga,577421,1,0
07-11-2025,Karnataka,Shivamogga,577423,2,0
07-11-2025,Karnataka,Shivamogga,577426,0,1
07-11-2025,Karnataka,Shivamogga,577447,0,1
07-11-2025,Karnataka,Tumakuru,572111,0,2
07-11-2025,Karnataka,Tumakuru,572116,1,1
07-11-2025,Karnataka,Tumakuru,572117,1,0
07-11-2025,Karnataka,Tumakuru,572119,1,2
07-11-2025,Karnataka,Tumakuru,572127,1,0
07-11-2025,Karnataka,Tumakuru,572136,0,3
07-11-2025,Karnataka,Tumakuru,572137,5,1
07-11-2025,Karnataka,Tumakuru,572175,0,1
07-11-2025,Karnataka,Tumakuru,572213,0,3
07-11-2025,Karnataka,Tumakuru,572226,1,0
07-11-2025,Karnataka,Tumkur,572102,1,4
07-11-2025,Karnataka,Tumkur,572107,0,2
07-11-2025,Karnataka,Tumkur,572112,4,1
07-11-2025,Karnataka,Tumkur,572124,1,1
07-11-2025,Karnataka,Tumkur,572140,1,1
07-11-2025,Karnataka,Tumkur,572213,0,1
07-11-2025,Karnataka,Tumkur,572214,5,8
07-11-2025,Karnataka,Tumkur,572218,1,2
07-11-2025,Karnataka,Tumkur,572219,1,2
07-11-2025,Karnataka,Tumkur,572222,1,1
07-11-2025,Karnataka,Tumkur,572227,0,1
07-11-2025,Karnataka,Udupi,574101,1,0
07-11-2025,Karnataka,Udupi,574103,0,1
07-11-2025,Karnataka,Udupi,574107,0,2
07-11-2025,Karnataka,Udupi,574117,1,1
07-11-2025,Karnataka,Udupi,574119,1,1
07-11-2025,Karnataka,Udupi,574244,0,2
07-11-2025,Karnataka,Udupi,576112,0,1
07-11-2025,Karnataka,Udupi,576210,0,1
07-11-2025,Karnataka,Udupi,576214,4,5
07-11-2025,Karnataka,Udupi,576219,5,2
07-11-2025,Karnataka,Udupi,576222,4,3
07-11-2025,Karnataka,Udupi,576232,2,0
07-11-2025,Karnataka,Udupi,576257,1,0
07-11-2025,Karnataka,Uttara Kannada,581121,1,4
07-11-2025,Karnataka,Uttara Kannada,581314,2,0
07-11-2025,Karnataka,Uttara Kannada,581317,1,2
07-11-2025,Karnataka,Uttara Kannada,581323,2,1
07-11-2025,Karnataka,Uttara Kannada,581326,1,0
07-11-2025,Karnataka,Uttara Kannada,581342,4,2
07-11-2025,Karnataka,Uttara Kannada,581354,1,1
07-11-2025,Karnataka,Uttara Kannada,581401,1,2
07-11-2025,Karnataka,Uttara Kannada,581453,0,4
07-11-2025,Karnataka,Vijayanagara,583125,0,1
07-11-2025,Karnataka,Vijayanagara,583135,1,1
07-11-2025,Karnataka,Vijayanagara,583212,0,1
07-11-2025,Karnataka,Vijayanagara,583213,0,1
07-11-2025,Karnataka,Vijayanagara,583214,1,0
07-11-2025,Karnataka,Vijayapura,586112,1,2
07-11-2025,Karnataka,Vijayapura,586117,3,1
07-11-2025,Karnataka,Vijayapura,586122,1,1
07-11-2025,Karnataka,Vijayapura,586212,1,0
07-11-2025,Karnataka,Vijayapura,586215,8,1
07-11-2025,Karnataka,Vijayapura,586217,3,5
07-11-2025,Karnataka,Yadgir,585214,9,8
07-11-2025,Karnataka,Yadgir,585221,7,8
07-11-2025,Karnataka,Yadgir,585315,2,5
07-11-2025,Karnataka,yadgir,585221,1,1
07-11-2025,Kerala,Alappuzha,688002,2,6
07-11-2025,Kerala,Alappuzha,688005,3,3
07-11-2025,Kerala,Alappuzha,688007,3,1
07-11-2025,Kerala,Alappuzha,688524,4,10
07-11-2025,Kerala,Alappuzha,688528,0,2
07-11-2025,Kerala,Alappuzha,688535,1,4
07-11-2025,Kerala,Alappuzha,688561,4,9
07-11-2025,Kerala,Alappuzha,689504,1,3
07-11-2025,Kerala,Alappuzha,689511,0,4
07-11-2025,Kerala,Alappuzha,689520,0,1
07-11-2025,Kerala,Alappuzha,689521,0,1
07-11-2025,Kerala,Alappuzha,690110,3,2
07-11-2025,Kerala,Alappuzha,690504,3,6
07-11-2025,Kerala,Alappuzha,690508,3,2
07-11-2025,Kerala,Alappuzha,690509,1,2
07-11-2025,Kerala,Alappuzha,690513,1,2
07-11-2025,Kerala,Alappuzha,690535,3,4
07-11-2025,Kerala,Alappuzha,690548,0,3
07-11-2025,Kerala,Ernakulam,680667,0,1
07-11-2025,Kerala,Ernakulam,682001,2,8
07-11-2025,Kerala,Ernakulam,682013,1,1
07-11-2025,Kerala,Ernakulam,682020,1,6
07-11-2025,Kerala,Ernakulam,682022,1,0
07-11-2025,Kerala,Ernakulam,682023,0,1
07-11-2025,Kerala,Ernakulam,682025,3,6
07-11-2025,Kerala,Ernakulam,682026,1,3
07-11-2025,Kerala,Ernakulam,682030,3,6
07-11-2025,Kerala,Ernakulam,682035,1,3
07-11-2025,Kerala,Ernakulam,682039,1,1
07-11-2025,Kerala,Ernakulam,682315,1,9
07-11-2025,Kerala,Ernakulam,682502,0,9
07-11-2025,Kerala,Ernakulam,682503,1,1
07-11-2025,Kerala,Ernakulam,682504,1,2
07-11-2025,Kerala,Ernakulam,682507,2,0
07-11-2025,Kerala,Ernakulam,683101,2,6
07-11-2025,Kerala,Ernakulam,683102,1,1
07-11-2025,Kerala,Ernakulam,683105,2,9
07-11-2025,Kerala,Ernakulam,683108,0,1
07-11-2025,Kerala,Ernakulam,683112,0,5
07-11-2025,Kerala,Ernakulam,683518,3,0
07-11-2025,Kerala,Ernakulam,683543,0,5
07-11-2025,Kerala,Ernakulam,683563,0,2
07-11-2025,Kerala,Ernakulam,683572,4,12
07-11-2025,Kerala,Ernakulam,683579,1,1
07-11-2025,Kerala,Ernakulam,686661,3,1
07-11-2025,Kerala,Ernakulam,686662,6,9
07-11-2025,Kerala,Ernakulam,686667,1,8
07-11-2025,Kerala,Ernakulam,686671,1,10
07-11-2025,Kerala,Ernakulam,686691,6,18
07-11-2025,Kerala,Idukki,685505,0,3
07-11-2025,Kerala,Idukki,685511,3,2
07-11-2025,Kerala,Idukki,685532,2,2
07-11-2025,Kerala,Idukki,685584,0,5
07-11-2025,Kerala,Idukki,685602,2,6
07-11-2025,Kerala,Idukki,685603,0,1
07-11-2025,Kerala,Idukki,685606,2,1
07-11-2025,Kerala,Idukki,685607,1,4
07-11-2025,Kerala,Idukki,685614,1,0
07-11-2025,Kerala,Idukki,685616,0,1
07-11-2025,Kerala,Kannur,670001,0,2
07-11-2025,Kerala,Kannur,670005,1,8
07-11-2025,Kerala,Kannur,670018,2,5
07-11-2025,Kerala,Kannur,670106,2,1
07-11-2025,Kerala,Kannur,670301,4,10
07-11-2025,Kerala,Kannur,670305,0,3
07-11-2025,Kerala,Kannur,670306,0,13
07-11-2025,Kerala,Kannur,670327,0,2
07-11-2025,Kerala,Kannur,670358,0,3
07-11-2025,Kerala,Kannur,670501,2,8
07-11-2025,Kerala,Kannur,670611,1,0
07-11-2025,Kerala,Kannur,670612,6,4
07-11-2025,Kerala,Kannur,670622,1,5
07-11-2025,Kerala,Kannur,670631,10,10
07-11-2025,Kerala,Kannur,670650,1,3
07-11-2025,Kerala,Kannur,670662,2,3
07-11-2025,Kerala,Kannur,670676,1,0
07-11-2025,Kerala,Kannur,670741,1,3
07-11-2025,Kerala,Kasaragod,671122,3,2
07-11-2025,Kerala,Kasaragod,671319,1,7
07-11-2025,Kerala,Kasaragod,671531,5,11
07-11-2025,Kerala,Kasaragod,671543,2,10
07-11-2025,Kerala,Kasaragod,671552,1,1
07-11-2025,Kerala,Kasargod,671313,1,0
07-11-2025,Kerala,Kasargod,671316,0,1
07-11-2025,Kerala,Kasargod,671531,0,4
07-11-2025,Kerala,Kollam,689696,1,6
07-11-2025,Kerala,Kollam,690520,5,9
07-11-2025,Kerala,Kollam,690524,0,3
07-11-2025,Kerala,Kollam,690542,1,5
07-11-2025,Kerala,Kollam,690547,1,2
07-11-2025,Kerala,Kollam,690573,2,9
07-11-2025,Kerala,Kollam,691001,5,4
07-11-2025,Kerala,Kollam,691002,3,1
07-11-2025,Kerala,Kollam,691004,0,7
07-11-2025,Kerala,Kollam,691008,1,2
07-11-2025,Kerala,Kollam,691301,2,7
07-11-2025,Kerala,Kollam,691306,6,12
07-11-2025,Kerala,Kollam,691307,0,3
07-11-2025,Kerala,Kollam,691312,0,3
07-11-2025,Kerala,Kollam,691332,0,3
07-11-2025,Kerala,Kollam,691334,1,0
07-11-2025,Kerala,Kollam,691501,0,2
07-11-2025,Kerala,Kollam,691511,1,9
07-11-2025,Kerala,Kollam,691531,1,3
07-11-2025,Kerala,Kollam,691532,2,1
07-11-2025,Kerala,Kollam,691533,2,5
07-11-2025,Kerala,Kollam,691535,2,2
07-11-2025,Kerala,Kollam,691537,1,1
07-11-2025,Kerala,Kollam,691541,1,6
07-11-2025,Kerala,Kollam,691553,1,2
07-11-2025,Kerala,Kollam,691576,2,6
07-11-2025,Kerala,Kollam,691579,1,4
07-11-2025,Kerala,Kollam,691584,1,3
07-11-2025,Kerala,Kollam,691585,3,4
07-11-2025,Kerala,Kollam,691590,2,7
07-11-2025,Kerala,Kottayam,686004,1,2
07-11-2025,Kerala,Kottayam,686010,1,2
07-11-2025,Kerala,Kottayam,686015,0,1
07-11-2025,Kerala,Kottayam,686017,3,1
07-11-2025,Kerala,Kottayam,686101,0,7
07-11-2025,Kerala,Kottayam,686105,2,8
07-11-2025,Kerala,Kottayam,686507,1,2
07-11-2025,Kerala,Kottayam,686518,5,0
07-11-2025,Kerala,Kottayam,686537,2,1
07-11-2025,Kerala,Kottayam,686539,2,1
07-11-2025,Kerala,Kottayam,686540,0,1
07-11-2025,Kerala,Kottayam,686611,1,2
07-11-2025,Kerala,Kottayam,686613,1,0
07-11-2025,Kerala,Kottayam,686636,0,4
07-11-2025,Kerala,Kozhikode,673005,2,4
07-11-2025,Kerala,Kozhikode,673008,6,16
07-11-2025,Kerala,Kozhikode,673012,4,2
07-11-2025,Kerala,Kozhikode,673016,1,5
07-11-2025,Kerala,Kozhikode,673017,1,2
07-11-2025,Kerala,Kozhikode,673301,2,13
07-11-2025,Kerala,Kozhikode,673305,3,2
07-11-2025,Kerala,Kozhikode,673308,2,3
07-11-2025,Kerala,Kozhikode,673315,2,6
07-11-2025,Kerala,Kozhikode,673501,4,5
07-11-2025,Kerala,Kozhikode,673508,7,12
07-11-2025,Kerala,Kozhikode,673522,3,6
07-11-2025,Kerala,Kozhikode,673526,0,2
07-11-2025,Kerala,Kozhikode,673529,4,4
07-11-2025,Kerala,Kozhikode,673574,4,12
07-11-2025,Kerala,Kozhikode,673580,2,2
07-11-2025,Kerala,Kozhikode,673614,8,23
07-11-2025,Kerala,Kozhikode,673616,5,7
07-11-2025,Kerala,Malappuram,673633,1,9
07-11-2025,Kerala,Malappuram,673636,4,10
07-11-2025,Kerala,Malappuram,673647,2,5
07-11-2025,Kerala,Malappuram,676106,4,8
07-11-2025,Kerala,Malappuram,676108,2,2
07-11-2025,Kerala,Malappuram,676109,1,3
07-11-2025,Kerala,Malappuram,676123,14,16
07-11-2025,Kerala,Malappuram,676311,2,4
07-11-2025,Kerala,Malappuram,676317,7,10
07-11-2025,Kerala,Malappuram,676517,5,11
07-11-2025,Kerala,Malappuram,676521,7,9
07-11-2025,Kerala,Malappuram,676523,5,4
07-11-2025,Kerala,Malappuram,679324,5,22
07-11-2025,Kerala,Malappuram,679329,3,6
07-11-2025,Kerala,Malappuram,679334,6,8
07-11-2025,Kerala,Malappuram,679340,3,8
07-11-2025,Kerala,Malappuram,679573,5,7
07-11-2025,Kerala,Malappuram,679582,4,6
07-11-2025,Kerala,Malappuram,679585,2,1
07-11-2025,Kerala,Palakkad,678104,0,1
07-11-2025,Kerala,Palakkad,678505,0,3
07-11-2025,Kerala,Palakkad,678507,1,9
07-11-2025,Kerala,Palakkad,678534,2,5
07-11-2025,Kerala,Palakkad,678542,0,1
07-11-2025,Kerala,Palakkad,678543,4,8
07-11-2025,Kerala,Palakkad,678544,0,2
07-11-2025,Kerala,Palakkad,678552,0,2
07-11-2025,Kerala,Palakkad,678556,1,1
07-11-2025,Kerala,Palakkad,678557,1,5
07-11-2025,Kerala,Palakkad,678571,4,6
07-11-2025,Kerala,Palakkad,678582,13,29
07-11-2025,Kerala,Palakkad,678593,0,9
07-11-2025,Kerala,Palakkad,678594,1,0
07-11-2025,Kerala,Palakkad,678597,0,2
07-11-2025,Kerala,Palakkad,678612,1,4
07-11-2025,Kerala,Palakkad,678622,3,3
07-11-2025,Kerala,Palakkad,678623,0,1
07-11-2025,Kerala,Palakkad,678651,0,3
07-11-2025,Kerala,Palakkad,678682,1,3
07-11-2025,Kerala,Palakkad,678705,0,1
07-11-2025,Kerala,Palakkad,678721,0,5
07-11-2025,Kerala,Palakkad,678722,0,7
07-11-2025,Kerala,Palakkad,679335,4,11
07-11-2025,Kerala,Palakkad,679336,4,14
07-11-2025,Kerala,Palakkad,679337,0,6
07-11-2025,Kerala,Palakkad,679502,1,4
07-11-2025,Kerala,Palakkad,679505,0,4
07-11-2025,Kerala,Palakkad,679514,0,4
07-11-2025,Kerala,Palakkad,679534,3,9
07-11-2025,Kerala,Palakkad,679536,2,4
07-11-2025,Kerala,Pathanamthitta,689542,1,4
07-11-2025,Kerala,Pathanamthitta,689544,11,4
07-11-2025,Kerala,Pathanamthitta,689546,0,2
07-11-2025,Kerala,Pathanamthitta,689549,0,1
07-11-2025,Kerala,Pathanamthitta,689587,2,1
07-11-2025,Kerala,Pathanamthitta,689591,1,0
07-11-2025,Kerala,Pathanamthitta,689621,15,6
07-11-2025,Kerala,Pathanamthitta,689641,0,4
07-11-2025,Kerala,Pathanamthitta,689643,0,9
07-11-2025,Kerala,Pathanamthitta,689647,0,3
07-11-2025,Kerala,Pathanamthitta,689649,2,3
07-11-2025,Kerala,Pathanamthitta,689652,0,1
07-11-2025,Kerala,Pathanamthitta,689663,2,6
07-11-2025,Kerala,Pathanamthitta,689668,0,1
07-11-2025,Kerala,Pathanamthitta,689674,2,2
07-11-2025,Kerala,Pathanamthitta,689676,0,1
07-11-2025,Kerala,Pathanamthitta,689678,1,0
07-11-2025,Kerala,Pathanamthitta,689692,2,2
07-11-2025,Kerala,Pathanamthitta,689698,0,2
07-11-2025,Kerala,Pathanamthitta,691523,3,9
07-11-2025,Kerala,Pathanamthitta,691524,0,4
07-11-2025,Kerala,Pathanamthitta,691526,0,3
07-11-2025,Kerala,Pathanamthitta,691530,0,1
07-11-2025,Kerala,Thiruvananthapuram,695004,1,1
07-11-2025,Kerala,Thiruvananthapuram,695017,4,2
07-11-2025,Kerala,Thiruvananthapuram,695024,5,3
07-11-2025,Kerala,Thiruvananthapuram,695025,3,1
07-11-2025,Kerala,Thiruvananthapuram,695042,0,3
07-11-2025,Kerala,Thiruvananthapuram,695103,0,1
07-11-2025,Kerala,Thiruvananthapuram,695104,5,6
07-11-2025,Kerala,Thiruvananthapuram,695123,1,3
07-11-2025,Kerala,Thiruvananthapuram,695124,3,4
07-11-2025,Kerala,Thiruvananthapuram,695125,0,5
07-11-2025,Kerala,Thiruvananthapuram,695141,0,4
07-11-2025,Kerala,Thiruvananthapuram,695145,3,1
07-11-2025,Kerala,Thiruvananthapuram,695308,0,5
07-11-2025,Kerala,Thiruvananthapuram,695501,5,19
07-11-2025,Kerala,Thiruvananthapuram,695504,2,7
07-11-2025,Kerala,Thiruvananthapuram,695507,0,1
07-11-2025,Kerala,Thiruvananthapuram,695513,2,3
07-11-2025,Kerala,Thiruvananthapuram,695524,0,1
07-11-2025,Kerala,Thiruvananthapuram,695525,3,3
07-11-2025,Kerala,Thiruvananthapuram,695561,0,3
07-11-2025,Kerala,Thiruvananthapuram,695563,0,7
07-11-2025,Kerala,Thiruvananthapuram,695564,2,3
07-11-2025,Kerala,Thiruvananthapuram,695582,1,1
07-11-2025,Kerala,Thiruvananthapuram,695583,3,1
07-11-2025,Kerala,Thiruvananthapuram,695584,6,7
07-11-2025,Kerala,Thiruvananthapuram,695608,1,2
07-11-2025,Kerala,Thiruvananthapuram,695609,0,10
07-11-2025,Kerala,Thrissur,680102,0,2
07-11-2025,Kerala,Thrissur,680103,1,3
07-11-2025,Kerala,Thrissur,680125,1,3
07-11-2025,Kerala,Thrissur,680508,0,1
07-11-2025,Kerala,Thrissur,680516,2,1
07-11-2025,Kerala,Thrissur,680517,3,5
07-11-2025,Kerala,Thrissur,680519,4,15
07-11-2025,Kerala,Thrissur,680524,2,3
07-11-2025,Kerala,Thrissur,680545,1,1
07-11-2025,Kerala,Thrissur,680561,0,3
07-11-2025,Kerala,Thrissur,680567,0,5
07-11-2025,Kerala,Thrissur,680586,2,13
07-11-2025,Kerala,Thrissur,680601,2,3
07-11-2025,Kerala,Thrissur,680651,4,3
07-11-2025,Kerala,Thrissur,680663,2,2
07-11-2025,Kerala,Thrissur,680665,0,2
07-11-2025,Kerala,Thrissur,680668,2,5
07-11-2025,Kerala,Thrissur,680671,2,10
07-11-2025,Kerala,Thrissur,680691,2,3
07-11-2025,Kerala,Thrissur,680702,4,2
07-11-2025,Kerala,Thrissur,680712,0,3
07-11-2025,Kerala,Thrissur,680732,4,0
07-11-2025,Kerala,Wayanad,670646,3,7
07-11-2025,Kerala,Wayanad,673575,1,12
07-11-2025,Kerala,Wayanad,673591,3,7
07-11-2025,Kerala,Wayanad,673596,1,3
07-11-2025,Lakshadweep,Lakshadweep,682557,1,0
07-11-2025,Madhya Pradesh,Agar Malwa,465447,4,5
07-11-2025,Madhya Pradesh,Agar Malwa,465550,3,2
07-11-2025,Madhya Pradesh,Anuppur,484220,0,2
07-11-2025,Madhya Pradesh,Ashok Nagar,473446,4,15
07-11-2025,Madhya Pradesh,Balaghat,481111,9,11
07-11-2025,Madhya Pradesh,Balaghat,481222,18,5
07-11-2025,Madhya Pradesh,Balaghat,481226,10,17
07-11-2025,Madhya Pradesh,Balaghat,481332,3,8
07-11-2025,Madhya Pradesh,Balaghat,481335,10,10
07-11-2025,Madhya Pradesh,Balaghat,481551,4,5
07-11-2025,Madhya Pradesh,Barwani,451556,20,7
07-11-2025,Madhya Pradesh,Betul,460110,10,6
07-11-2025,Madhya Pradesh,Betul,460666,3,0
07-11-2025,Madhya Pradesh,Bhind,477117,2,0
07-11-2025,Madhya Pradesh,Bhind,477441,10,11
07-11-2025,Madhya Pradesh,Bhind,477449,5,2
07-11-2025,Madhya Pradesh,Bhind,477555,2,6
07-11-2025,Madhya Pradesh,Bhind,477660,3,7
07-11-2025,Madhya Pradesh,Bhopal,462008,2,10
07-11-2025,Madhya Pradesh,Bhopal,462018,0,1
07-11-2025,Madhya Pradesh,Bhopal,462026,3,3
07-11-2025,Madhya Pradesh,Bhopal,462030,28,36
07-11-2025,Madhya Pradesh,Bhopal,462037,3,7
07-11-2025,Madhya Pradesh,Bhopal,462041,5,11
07-11-2025,Madhya Pradesh,Bhopal,463111,7,6
07-11-2025,Madhya Pradesh,Burhanpur,450332,3,5
07-11-2025,Madhya Pradesh,Chhatarpur,471001,13,14
07-11-2025,Madhya Pradesh,Chhatarpur,471101,3,2
07-11-2025,Madhya Pradesh,Chhatarpur,471202,1,1
07-11-2025,Madhya Pradesh,Chhatarpur,471301,2,11
07-11-2025,Madhya Pradesh,Chhatarpur,471510,5,15
07-11-2025,Madhya Pradesh,Chhatarpur,471515,8,17
07-11-2025,Madhya Pradesh,Chhindwara,480107,6,8
07-11-2025,Madhya Pradesh,Chhindwara,480221,4,9
07-11-2025,Madhya Pradesh,Chhindwara,480224,0,6
07-11-2025,Madhya Pradesh,Chhindwara,480447,3,0
07-11-2025,Madhya Pradesh,Chhindwara,480555,1,2
07-11-2025,Madhya Pradesh,Chhindwara,480557,1,2
07-11-2025,Madhya Pradesh,Damoh,470663,8,9
07-11-2025,Madhya Pradesh,Damoh,470666,8,17
07-11-2025,Madhya Pradesh,Damoh,470880,8,28
07-11-2025,Madhya Pradesh,Datia,475671,2,3
07-11-2025,Madhya Pradesh,Datia,475675,2,8
07-11-2025,Madhya Pradesh,Dewas,455227,16,22
07-11-2025,Madhya Pradesh,Dewas,455332,10,15
07-11-2025,Madhya Pradesh,Dewas,455336,13,19
07-11-2025,Madhya Pradesh,Dhar,454116,25,11
07-11-2025,Madhya Pradesh,Dindori,481672,1,8
07-11-2025,Madhya Pradesh,Dindori,481880,14,20
07-11-2025,Madhya Pradesh,East Nimar,450116,1,13
07-11-2025,Madhya Pradesh,East Nimar,450881,2,2
07-11-2025,Madhya Pradesh,Guna,473105,9,17
07-11-2025,Madhya Pradesh,Guna,473226,5,7
07-11-2025,Madhya Pradesh,Guna,473249,2,4
07-11-2025,Madhya Pradesh,Gwalior,474001,11,36
07-11-2025,Madhya Pradesh,Gwalior,475002,4,4
07-11-2025,Madhya Pradesh,Gwalior,475115,4,1
07-11-2025,Madhya Pradesh,Hoshangabad,461116,1,4
07-11-2025,Madhya Pradesh,Hoshangabad,461221,7,13
07-11-2025,Madhya Pradesh,Hoshangabad,461223,7,13
07-11-2025,Madhya Pradesh,Hoshangabad,461446,1,0
07-11-2025,Madhya Pradesh,Hoshangabad,461661,3,5
07-11-2025,Madhya Pradesh,Hoshangabad,461771,5,12
07-11-2025,Madhya Pradesh,Indore,452003,7,7
07-11-2025,Madhya Pradesh,Indore,452010,34,42
07-11-2025,Madhya Pradesh,Indore,452011,7,10
07-11-2025,Madhya Pradesh,Indore,452014,1,3
07-11-2025,Madhya Pradesh,Indore,452016,28,34
07-11-2025,Madhya Pradesh,Indore,452020,8,26
07-11-2025,Madhya Pradesh,Indore,453115,6,6
07-11-2025,Madhya Pradesh,Indore,453332,1,1
07-11-2025,Madhya Pradesh,Jabalpur,482010,1,0
07-11-2025,Madhya Pradesh,Jabalpur,483336,8,6
07-11-2025,Madhya Pradesh,Jhabua,457990,0,2
07-11-2025,Madhya Pradesh,Katni,483225,3,2
07-11-2025,Madhya Pradesh,Khandwa,450001,24,20
07-11-2025,Madhya Pradesh,Khandwa,450112,3,4
07-11-2025,Madhya Pradesh,Khandwa,450661,8,10
07-11-2025,Madhya Pradesh,Khandwa,450881,0,4
07-11-2025,Madhya Pradesh,Khargone,451220,6,12
07-11-2025,Madhya Pradesh,Khargone,451221,3,9
07-11-2025,Madhya Pradesh,Khargone,451224,4,10
07-11-2025,Madhya Pradesh,Khargone,451335,11,22
07-11-2025,Madhya Pradesh,Maihar,485775,0,2
07-11-2025,Madhya Pradesh,Mandla,481663,4,1
07-11-2025,Madhya Pradesh,Mandla,481666,2,7
07-11-2025,Madhya Pradesh,Mandla,481771,2,3
07-11-2025,Madhya Pradesh,Mandsaur,458558,4,12
07-11-2025,Madhya Pradesh,Mandsaur,458778,2,3
07-11-2025,Madhya Pradesh,Mandsaur,458880,10,13
07-11-2025,Madhya Pradesh,Mauganj,486333,0,1
07-11-2025,Madhya Pradesh,Narsimhapur,487551,1,0
07-11-2025,Madhya Pradesh,Narsimhapur,487881,1,0
07-11-2025,Madhya Pradesh,Narsinghpur,487110,1,4
07-11-2025,Madhya Pradesh,Neemuch,458339,0,1
07-11-2025,Madhya Pradesh,Neemuch,458441,46,18
07-11-2025,Madhya Pradesh,Niwari,472447,1,0
07-11-2025,Madhya Pradesh,Panna,488001,11,18
07-11-2025,Madhya Pradesh,Panna,488051,3,5
07-11-2025,Madhya Pradesh,Panna,488442,20,21
07-11-2025,Madhya Pradesh,Raisen,462046,19,10
07-11-2025,Madhya Pradesh,Raisen,464551,15,24
07-11-2025,Madhya Pradesh,Raisen,464665,8,7
07-11-2025,Madhya Pradesh,Raisen,464774,5,11
07-11-2025,Madhya Pradesh,Rajgarh,465677,6,10
07-11-2025,Madhya Pradesh,Rajgarh,465680,8,8
07-11-2025,Madhya Pradesh,Ratlam,457114,17,17
07-11-2025,Madhya Pradesh,Rewa,486003,2,0
07-11-2025,Madhya Pradesh,Rewa,486005,1,1
07-11-2025,Madhya Pradesh,Rewa,486331,14,28
07-11-2025,Madhya Pradesh,Rewa,486340,4,11
07-11-2025,Madhya Pradesh,Rewa,486447,6,4
07-11-2025,Madhya Pradesh,Rewa,486448,2,9
07-11-2025,Madhya Pradesh,Sagar,470120,4,5
07-11-2025,Madhya Pradesh,Sagar,470125,3,2
07-11-2025,Madhya Pradesh,Sagar,470221,4,8
07-11-2025,Madhya Pradesh,Sagar,470227,2,6
07-11-2025,Madhya Pradesh,Sagar,470337,7,5
07-11-2025,Madhya Pradesh,Sagar,470339,17,5
07-11-2025,Madhya Pradesh,Satna,485113,2,9
07-11-2025,Madhya Pradesh,Sehore,466118,3,2
07-11-2025,Madhya Pradesh,Sehore,466554,1,1
07-11-2025,Madhya Pradesh,Sehore,466665,3,10
07-11-2025,Madhya Pradesh,Seoni,480884,5,14
07-11-2025,Madhya Pradesh,Seoni,480887,3,10
07-11-2025,Madhya Pradesh,Seoni,480996,4,3
07-11-2025,Madhya Pradesh,Shahdol,484334,2,6
07-11-2025,Madhya Pradesh,Shahdol,484669,6,10
07-11-2025,Madhya Pradesh,Shahdol,484771,10,22
07-11-2025,Madhya Pradesh,Shajapur,465220,2,3
07-11-2025,Madhya Pradesh,Shajapur,465223,1,15
07-11-2025,Madhya Pradesh,Shajapur,465227,6,4
07-11-2025,Madhya Pradesh,Shajapur,465230,3,6
07-11-2025,Madhya Pradesh,Shajapur,465337,15,23
07-11-2025,Madhya Pradesh,Shajapur,465441,8,29
07-11-2025,Madhya Pradesh,Shivpuri,473662,3,11
07-11-2025,Madhya Pradesh,Shivpuri,473990,2,4
07-11-2025,Madhya Pradesh,Shivpuri,475110,0,1
07-11-2025,Madhya Pradesh,Sidhi,486661,29,52
07-11-2025,Madhya Pradesh,Sidhi,486882,0,1
07-11-2025,Madhya Pradesh,Tikamgarh,472118,14,15
07-11-2025,Madhya Pradesh,Tikamgarh,472246,4,4
07-11-2025,Madhya Pradesh,Tikamgarh,472337,2,5
07-11-2025,Madhya Pradesh,Tikamgarh,472447,3,7
07-11-2025,Madhya Pradesh,Ujjain,456006,65,22
07-11-2025,Madhya Pradesh,Ujjain,456337,10,7
07-11-2025,Madhya Pradesh,Ujjain,456441,12,9
07-11-2025,Madhya Pradesh,Umaria,484555,5,7
07-11-2025,Madhya Pradesh,Umaria,484661,17,36
07-11-2025,Madhya Pradesh,Vidisha,464111,5,10
07-11-2025,Madhya Pradesh,Vidisha,464337,5,3
07-11-2025,Madhya Pradesh,West Nimar,451440,1,4
07-11-2025,Maharashtra,Ahmadnagar,400012,1,0
07-11-2025,Maharashtra,Ahmadnagar,413201,14,36
07-11-2025,Maharashtra,Ahmadnagar,413205,7,16
07-11-2025,Maharashtra,Ahmadnagar,413703,8,20
07-11-2025,Maharashtra,Ahmadnagar,413714,8,7
07-11-2025,Maharashtra,Ahmadnagar,414002,5,16
07-11-2025,Maharashtra,Ahmadnagar,414201,1,5
07-11-2025,Maharashtra,Ahmadnagar,414302,15,12
07-11-2025,Maharashtra,Ahmadnagar,414303,3,4
07-11-2025,Maharashtra,Ahmadnagar,414306,7,8
07-11-2025,Maharashtra,Ahmadnagar,414503,7,11
07-11-2025,Maharashtra,Ahmadnagar,414504,2,3
07-11-2025,Maharashtra,Ahmadnagar,414505,3,18
07-11-2025,Maharashtra,Ahmadnagar,414602,7,8
07-11-2025,Maharashtra,Ahmadnagar,414605,1,0
07-11-2025,Maharashtra,Ahmadnagar,414606,5,4
07-11-2025,Maharashtra,Ahmadnagar,422601,18,105
07-11-2025,Maharashtra,Ahmadnagar,422605,48,88
07-11-2025,Maharashtra,Ahmadnagar,422608,3,3
07-11-2025,Maharashtra,Ahmadnagar,422611,6,25
07-11-2025,Maharashtra,Ahmadnagar,422620,6,16
07-11-2025,Maharashtra,Ahmadnagar,423109,17,25
07-11-2025,Maharashtra,Ahmadnagar,423603,14,5
07-11-2025,Maharashtra,Ahmadnagar,423604,1,3
07-11-2025,Maharashtra,Ahmadnagar,423605,8,4
07-11-2025,Maharashtra,Ahmed Nagar,414103,0,1
07-11-2025,Maharashtra,Ahmed Nagar,414111,0,1
07-11-2025,Maharashtra,Ahmed Nagar,414201,0,1
07-11-2025,Maharashtra,Ahmed Nagar,422603,0,1
07-11-2025,Maharashtra,Ahmed Nagar,422605,0,12
07-11-2025,Maharashtra,Ahmed Nagar,422608,1,0
07-11-2025,Maharashtra,Ahmed Nagar,423109,0,2
07-11-2025,Maharashtra,Akola,444005,10,33
07-11-2025,Maharashtra,Akola,444106,1,15
07-11-2025,Maharashtra,Akola,444108,12,68
07-11-2025,Maharashtra,Akola,444110,0,1
07-11-2025,Maharashtra,Akola,444501,11,112
07-11-2025,Maharashtra,Amravati,444604,8,24
07-11-2025,Maharashtra,Amravati,444707,5,32
07-11-2025,Maharashtra,Amravati,444708,26,74
07-11-2025,Maharashtra,Amravati,444717,8,25
07-11-2025,Maharashtra,Amravati,444809,3,19
07-11-2025,Maharashtra,Amravati,444902,15,22
07-11-2025,Maharashtra,Amravati,444907,5,10
07-11-2025,Maharashtra,Aurangabad,423701,17,34
07-11-2025,Maharashtra,Aurangabad,423703,2,18
07-11-2025,Maharashtra,Aurangabad,431110,9,25
07-11-2025,Maharashtra,Aurangabad,431202,0,1
07-11-2025,Maharashtra,Beed,413249,9,9
07-11-2025,Maharashtra,Beed,414203,27,44
